track_id,predict
0,12
1,49
2,71
3,54
4,31
5,23
6,6
7,71
8,34
9,52
10,13
11,20
12,54
13,42
14,47
15,15
16,54
17,37
18,7
19,61
20,8
21,46
22,52
23,13
24,6
25,13
26,24
27,73
28,28
29,8
30,0
31,15
32,28
33,40
34,32
35,55
36,33
37,47
38,39
39,50
40,31
41,3
42,23
43,54
44,71
45,25
46,20
47,42
48,61
49,12
50,16
51,4
52,34
53,1
54,70
55,64
56,39
57,12
58,47
59,54
60,46
61,46
62,10
63,42
64,25
65,31
66,40
67,25
68,20
69,3
70,52
71,47
72,8
73,1
74,46
75,11
76,23
77,64
78,49
79,54
80,29
81,59
82,52
83,49
84,73
85,73
86,39
87,47
88,6
89,52
90,30
91,1
92,39
93,52
94,39
95,49
96,49
97,25
98,46
99,66
100,51
101,53
102,55
103,52
104,45
105,1
106,38
107,29
108,4
109,61
110,54
111,64
112,64
113,28
114,34
115,24
116,42
117,52
118,20
119,20
120,61
121,56
122,10
123,31
124,24
125,39
126,12
127,42
128,40
129,17
130,7
131,41
132,23
133,42
134,1
135,23
136,13
137,57
138,68
139,63
140,40
141,12
142,48
143,1
144,70
145,7
146,13
147,39
148,15
149,13
150,51
151,13
152,6
153,69
154,41
155,41
156,1
157,49
158,13
159,28
160,31
161,11
162,73
163,37
164,56
165,17
166,17
167,40
168,60
169,31
170,61
171,8
172,12
173,4
174,8
175,51
176,45
177,6
178,61
179,55
180,34
181,24
182,16
183,38
184,28
185,16
186,61
187,73
188,23
189,6
190,69
191,71
192,7
193,64
194,24
195,42
196,41
197,7
198,68
199,16
200,30
201,20
202,51
203,13
204,38
205,34
206,24
207,39
208,23
209,17
210,30
211,40
212,46
213,1
214,68
215,1
216,68
217,53
218,54
219,49
220,45
221,38
222,11
223,6
224,34
225,7
226,29
227,72
228,24
229,56
230,25
231,24
232,7
233,38
234,51
235,1
236,71
237,17
238,55
239,46
240,56
241,52
242,73
243,71
244,30
245,26
246,72
247,15
248,46
249,7
250,8
251,51
252,42
253,3
254,51
255,8
256,40
257,3
258,46
259,54
260,39
261,67
262,0
263,54
264,34
265,8
266,46
267,8
268,17
269,67
270,54
271,8
272,10
273,17
274,7
275,22
276,32
277,45
278,41
279,46
280,36
281,8
282,56
283,70
284,73
285,6
286,16
287,11
288,29
289,55
290,10
291,28
292,53
293,40
294,49
295,17
296,61
297,51
298,49
299,51
300,62
301,33
302,30
303,51
304,53
305,32
306,34
307,39
308,56
309,52
310,10
311,62
312,38
313,4
314,20
315,56
316,30
317,17
318,12
319,4
320,46
321,26
322,30
323,20
324,46
325,73
326,68
327,39
328,40
329,45
330,71
331,54
332,61
333,30
334,11
335,16
336,54
337,50
338,55
339,19
340,12
341,26
342,24
343,29
344,49
345,56
346,56
347,52
348,4
349,49
350,19
351,47
352,53
353,52
354,49
355,13
356,3
357,55
358,25
359,51
360,54
361,17
362,38
363,37
364,33
365,47
366,7
367,40
368,71
369,4
370,61
371,12
372,12
373,34
374,56
375,54
376,7
377,12
378,60
379,46
380,39
381,31
382,73
383,49
384,41
385,49
386,10
387,1
388,29
389,51
390,51
391,23
392,71
393,29
394,25
395,54
396,28
397,21
398,71
399,21
400,42
401,17
402,54
403,24
404,52
405,51
406,54
407,23
408,40
409,35
410,20
411,17
412,47
413,3
414,65
415,42
416,0
417,13
418,43
419,25
420,4
421,0
422,39
423,0
424,64
425,71
426,70
427,45
428,25
429,0
430,12
431,30
432,23
433,17
434,45
435,52
436,16
437,28
438,7
439,71
440,25
441,38
442,61
443,46
444,8
445,12
446,2
447,61
448,20
449,71
450,39
451,67
452,59
453,4
454,38
455,54
456,72
457,13
458,73
459,45
460,29
461,50
462,39
463,8
464,36
465,1
466,1
467,73
468,33
469,53
470,4
471,4
472,12
473,64
474,18
475,73
476,13
477,7
478,24
479,51
480,1
481,71
482,51
483,32
484,46
485,73
486,51
487,56
488,70
489,17
490,47
491,40
492,34
493,20
494,16
495,24
496,71
497,71
498,12
499,65
500,38
501,8
502,6
503,49
504,10
505,4
506,31
507,49
508,30
509,11
510,52
511,51
512,17
513,16
514,38
515,34
516,8
517,20
518,41
519,30
520,23
521,73
522,39
523,20
524,1
525,68
526,46
527,48
528,15
529,40
530,4
531,17
532,71
533,23
534,53
535,34
536,19
537,0
538,54
539,30
540,24
541,0
542,24
543,0
544,54
545,72
546,4
547,51
548,4
549,7
550,10
551,71
552,25
553,45
554,45
555,26
556,15
557,45
558,4
559,41
560,64
561,54
562,52
563,17
564,0
565,29
566,4
567,20
568,53
569,20
570,73
571,4
572,28
573,73
574,71
575,16
576,8
577,30
578,41
579,1
580,0
581,1
582,30
583,47
584,54
585,38
586,30
587,30
588,68
589,64
590,54
591,39
592,47
593,41
594,1
595,42
596,1
597,60
598,56
599,61
600,7
601,47
602,57
603,31
604,72
605,4
606,54
607,6
608,52
609,8
610,56
611,46
612,28
613,38
614,41
615,23
616,41
617,31
618,31
619,12
620,54
621,71
622,30
623,22
624,46
625,54
626,8
627,17
628,34
629,49
630,39
631,20
632,30
633,71
634,20
635,56
636,4
637,42
638,4
639,21
640,1
641,65
642,13
643,64
644,12
645,49
646,68
647,59
648,45
649,52
650,38
651,8
652,20
653,1
654,61
655,6
656,64
657,12
658,49
659,54
660,23
661,47
662,73
663,61
664,51
665,48
666,46
667,34
668,43
669,10
670,1
671,51
672,2
673,29
674,34
675,52
676,47
677,3
678,8
679,73
680,59
681,7
682,47
683,30
684,12
685,61
686,56
687,47
688,1
689,49
690,12
691,73
692,70
693,4
694,71
695,31
696,40
697,46
698,34
699,3
700,12
701,7
702,50
703,38
704,40
705,40
706,28
707,51
708,20
709,34
710,72
711,56
712,26
713,39
714,36
715,4
716,13
717,13
718,6
719,33
720,52
721,8
722,45
723,73
724,12
725,16
726,31
727,30
728,17
729,38
730,46
731,41
732,46
733,45
734,37
735,22
736,47
737,12
738,0
739,8
740,17
741,9
742,8
743,1
744,71
745,13
746,49
747,19
748,56
749,43
750,40
751,17
752,46
753,38
754,40
755,56
756,4
757,0
758,60
759,73
760,48
761,31
762,54
763,54
764,39
765,51
766,56
767,56
768,34
769,45
770,41
771,12
772,52
773,30
774,28
775,73
776,46
777,20
778,56
779,40
780,49
781,61
782,57
783,30
784,16
785,8
786,17
787,53
788,4
789,73
790,37
791,10
792,67
793,28
794,28
795,6
796,30
797,49
798,20
799,66
800,73
801,6
802,42
803,73
804,42
805,29
806,25
807,20
808,29
809,46
810,8
811,3
812,52
813,47
814,46
815,24
816,4
817,12
818,12
819,71
820,59
821,31
822,52
823,4
824,34
825,48
826,31
827,46
828,20
829,70
830,23
831,4
832,40
833,63
834,61
835,10
836,56
837,47
838,54
839,73
840,40
841,23
842,47
843,29
844,6
845,31
846,37
847,29
848,4
849,51
850,46
851,56
852,64
853,45
854,30
855,73
856,54
857,28
858,1
859,52
860,61
861,73
862,29
863,28
864,48
865,20
866,71
867,30
868,52
869,28
870,71
871,49
872,61
873,29
874,17
875,16
876,73
877,0
878,20
879,16
880,26
881,59
882,4
883,20
884,56
885,49
886,41
887,24
888,38
889,12
890,0
891,30
892,39
893,46
894,70
895,43
896,45
897,23
898,31
899,25
900,1
901,48
902,31
903,16
904,20
905,64
906,42
907,30
908,17
909,20
910,23
911,70
912,41
913,32
914,41
915,16
916,68
917,8
918,52
919,69
920,30
921,46
922,51
923,29
924,62
925,31
926,0
927,3
928,20
929,52
930,54
931,67
932,71
933,17
934,22
935,46
936,4
937,64
938,68
939,4
940,7
941,20
942,31
943,1
944,64
945,67
946,11
947,13
948,61
949,13
950,56
951,20
952,7
953,71
954,31
955,52
956,41
957,12
958,49
959,42
960,4
961,1
962,47
963,41
964,45
965,1
966,31
967,30
968,61
969,13
970,47
971,50
972,28
973,45
974,33
975,40
976,45
977,31
978,6
979,41
980,56
981,40
982,1
983,70
984,31
985,73
986,51
987,33
988,17
989,8
990,30
991,53
992,13
993,52
994,41
995,48
996,20
997,42
998,30
999,32
1000,6
1001,12
1002,70
1003,54
1004,31
1005,24
1006,54
1007,23
1008,52
1009,55
1010,52
1011,1
1012,10
1013,1
1014,31
1015,47
1016,64
1017,1
1018,7
1019,30
1020,29
1021,46
1022,38
1023,4
1024,56
1025,1
1026,23
1027,4
1028,41
1029,28
1030,34
1031,22
1032,13
1033,59
1034,26
1035,53
1036,34
1037,10
1038,42
1039,63
1040,60
1041,31
1042,30
1043,13
1044,23
1045,11
1046,46
1047,7
1048,40
1049,34
1050,62
1051,10
1052,73
1053,31
1054,45
1055,54
1056,30
1057,23
1058,20
1059,4
1060,4
1061,47
1062,41
1063,71
1064,25
1065,27
1066,67
1067,42
1068,30
1069,42
1070,9
1071,28
1072,4
1073,64
1074,46
1075,61
1076,31
1077,71
1078,51
1079,30
1080,13
1081,54
1082,13
1083,29
1084,25
1085,31
1086,38
1087,31
1088,4
1089,72
1090,56
1091,56
1092,31
1093,64
1094,4
1095,13
1096,30
1097,42
1098,38
1099,20
1100,6
1101,51
1102,46
1103,15
1104,71
1105,47
1106,23
1107,52
1108,42
1109,15
1110,30
1111,15
1112,70
1113,73
1114,50
1115,22
1116,22
1117,49
1118,47
1119,51
1120,71
1121,49
1122,26
1123,26
1124,71
1125,24
1126,23
1127,31
1128,34
1129,20
1130,70
1131,73
1132,12
1133,25
1134,41
1135,0
1136,42
1137,4
1138,10
1139,39
1140,10
1141,47
1142,45
1143,12
1144,26
1145,64
1146,42
1147,29
1148,11
1149,55
1150,64
1151,39
1152,73
1153,4
1154,20
1155,28
1156,20
1157,51
1158,60
1159,13
1160,41
1161,58
1162,51
1163,13
1164,20
1165,31
1166,20
1167,1
1168,73
1169,12
1170,41
1171,42
1172,30
1173,16
1174,12
1175,46
1176,56
1177,20
1178,31
1179,20
1180,62
1181,33
1182,8
1183,4
1184,46
1185,31
1186,49
1187,33
1188,67
1189,0
1190,52
1191,10
1192,42
1193,64
1194,51
1195,16
1196,47
1197,54
1198,73
1199,20
1200,23
1201,22
1202,63
1203,25
1204,15
1205,71
1206,26
1207,13
1208,49
1209,56
1210,51
1211,68
1212,13
1213,41
1214,29
1215,30
1216,18
1217,51
1218,49
1219,47
1220,26
1221,22
1222,42
1223,11
1224,38
1225,42
1226,53
1227,29
1228,42
1229,13
1230,71
1231,39
1232,39
1233,30
1234,4
1235,31
1236,46
1237,12
1238,40
1239,52
1240,10
1241,49
1242,7
1243,70
1244,39
1245,51
1246,46
1247,30
1248,38
1249,42
1250,68
1251,3
1252,2
1253,20
1254,61
1255,37
1256,8
1257,36
1258,39
1259,31
1260,71
1261,73
1262,57
1263,13
1264,64
1265,61
1266,28
1267,72
1268,30
1269,61
1270,51
1271,56
1272,71
1273,52
1274,29
1275,48
1276,36
1277,2
1278,26
1279,73
1280,39
1281,44
1282,56
1283,12
1284,29
1285,47
1286,41
1287,16
1288,20
1289,71
1290,71
1291,17
1292,29
1293,13
1294,34
1295,39
1296,24
1297,71
1298,47
1299,12
1300,46
1301,23
1302,64
1303,23
1304,33
1305,68
1306,64
1307,15
1308,52
1309,65
1310,0
1311,71
1312,47
1313,43
1314,4
1315,1
1316,64
1317,29
1318,31
1319,46
1320,61
1321,71
1322,54
1323,10
1324,67
1325,34
1326,51
1327,56
1328,0
1329,25
1330,4
1331,71
1332,28
1333,47
1334,31
1335,42
1336,1
1337,38
1338,1
1339,51
1340,54
1341,0
1342,19
1343,20
1344,35
1345,10
1346,30
1347,54
1348,12
1349,42
1350,46
1351,73
1352,42
1353,56
1354,20
1355,68
1356,12
1357,23
1358,28
1359,28
1360,40
1361,3
1362,29
1363,52
1364,17
1365,51
1366,54
1367,28
1368,39
1369,51
1370,61
1371,65
1372,28
1373,73
1374,12
1375,4
1376,13
1377,10
1378,46
1379,23
1380,33
1381,54
1382,2
1383,1
1384,51
1385,29
1386,46
1387,71
1388,61
1389,54
1390,1
1391,11
1392,28
1393,12
1394,2
1395,72
1396,23
1397,71
1398,1
1399,0
1400,46
1401,71
1402,23
1403,51
1404,24
1405,46
1406,31
1407,59
1408,11
1409,15
1410,31
1411,10
1412,20
1413,60
1414,64
1415,28
1416,19
1417,35
1418,71
1419,20
1420,7
1421,47
1422,30
1423,31
1424,24
1425,56
1426,47
1427,31
1428,56
1429,4
1430,38
1431,54
1432,8
1433,71
1434,71
1435,46
1436,28
1437,29
1438,1
1439,30
1440,72
1441,62
1442,62
1443,46
1444,54
1445,59
1446,17
1447,3
1448,31
1449,31
1450,13
1451,46
1452,4
1453,67
1454,8
1455,46
1456,31
1457,20
1458,54
1459,61
1460,4
1461,33
1462,8
1463,56
1464,28
1465,32
1466,4
1467,72
1468,26
1469,34
1470,8
1471,0
1472,54
1473,24
1474,4
1475,31
1476,73
1477,13
1478,41
1479,1
1480,4
1481,34
1482,71
1483,24
1484,31
1485,23
1486,11
1487,47
1488,30
1489,41
1490,47
1491,72
1492,52
1493,10
1494,61
1495,51
1496,25
1497,68
1498,0
1499,73
1500,4
1501,39
1502,46
1503,17
1504,23
1505,30
1506,56
1507,20
1508,57
1509,39
1510,54
1511,49
1512,41
1513,34
1514,53
1515,12
1516,54
1517,49
1518,10
1519,48
1520,12
1521,31
1522,16
1523,28
1524,68
1525,39
1526,42
1527,73
1528,24
1529,62
1530,23
1531,28
1532,23
1533,32
1534,8
1535,40
1536,51
1537,46
1538,42
1539,52
1540,29
1541,47
1542,30
1543,64
1544,22
1545,8
1546,41
1547,25
1548,3
1549,73
1550,71
1551,10
1552,25
1553,20
1554,11
1555,31
1556,64
1557,26
1558,64
1559,31
1560,13
1561,28
1562,64
1563,22
1564,13
1565,6
1566,7
1567,68
1568,30
1569,52
1570,18
1571,60
1572,1
1573,17
1574,45
1575,49
1576,45
1577,4
1578,1
1579,41
1580,28
1581,20
1582,54
1583,8
1584,52
1585,65
1586,4
1587,33
1588,0
1589,1
1590,68
1591,56
1592,52
1593,31
1594,30
1595,30
1596,64
1597,24
1598,42
1599,46
1600,1
1601,73
1602,71
1603,25
1604,53
1605,28
1606,27
1607,42
1608,0
1609,29
1610,60
1611,73
1612,43
1613,31
1614,3
1615,54
1616,29
1617,36
1618,29
1619,12
1620,20
1621,30
1622,46
1623,31
1624,45
1625,6
1626,61
1627,8
1628,25
1629,73
1630,16
1631,51
1632,34
1633,52
1634,48
1635,30
1636,23
1637,8
1638,61
1639,20
1640,23
1641,53
1642,18
1643,48
1644,0
1645,26
1646,42
1647,29
1648,19
1649,13
1650,3
1651,28
1652,64
1653,64
1654,10
1655,45
1656,30
1657,30
1658,71
1659,39
1660,20
1661,69
1662,48
1663,30
1664,41
1665,49
1666,52
1667,16
1668,64
1669,8
1670,30
1671,68
1672,54
1673,41
1674,21
1675,13
1676,57
1677,33
1678,0
1679,67
1680,61
1681,52
1682,36
1683,8
1684,28
1685,36
1686,68
1687,25
1688,73
1689,38
1690,31
1691,23
1692,1
1693,45
1694,22
1695,7
1696,8
1697,13
1698,25
1699,12
1700,46
1701,28
1702,48
1703,62
1704,24
1705,7
1706,67
1707,21
1708,28
1709,20
1710,30
1711,28
1712,68
1713,40
1714,33
1715,38
1716,60
1717,39
1718,17
1719,24
1720,30
1721,7
1722,68
1723,29
1724,19
1725,61
1726,61
1727,3
1728,34
1729,45
1730,8
1731,61
1732,10
1733,53
1734,45
1735,21
1736,41
1737,42
1738,61
1739,52
1740,70
1741,23
1742,1
1743,13
1744,0
1745,60
1746,33
1747,68
1748,47
1749,51
1750,8
1751,46
1752,6
1753,31
1754,60
1755,54
1756,52
1757,50
1758,68
1759,42
1760,25
1761,20
1762,13
1763,46
1764,46
1765,47
1766,4
1767,73
1768,48
1769,52
1770,31
1771,31
1772,38
1773,49
1774,16
1775,50
1776,48
1777,68
1778,0
1779,41
1780,35
1781,15
1782,57
1783,42
1784,24
1785,58
1786,10
1787,0
1788,61
1789,31
1790,4
1791,54
1792,54
1793,24
1794,13
1795,23
1796,40
1797,71
1798,46
1799,54
1800,46
1801,53
1802,29
1803,36
1804,7
1805,59
1806,4
1807,64
1808,56
1809,71
1810,54
1811,71
1812,58
1813,22
1814,54
1815,11
1816,19
1817,42
1818,29
1819,8
1820,16
1821,38
1822,47
1823,20
1824,51
1825,30
1826,7
1827,12
1828,20
1829,12
1830,7
1831,28
1832,1
1833,17
1834,13
1835,71
1836,69
1837,51
1838,15
1839,15
1840,51
1841,31
1842,73
1843,56
1844,1
1845,0
1846,20
1847,57
1848,26
1849,23
1850,34
1851,8
1852,7
1853,49
1854,55
1855,52
1856,49
1857,61
1858,64
1859,71
1860,1
1861,13
1862,39
1863,49
1864,42
1865,41
1866,1
1867,55
1868,34
1869,73
1870,52
1871,61
1872,48
1873,71
1874,4
1875,20
1876,8
1877,25
1878,49
1879,52
1880,49
1881,4
1882,42
1883,42
1884,49
1885,13
1886,34
1887,49
1888,53
1889,73
1890,4
1891,49
1892,38
1893,72
1894,43
1895,29
1896,73
1897,4
1898,25
1899,61
1900,31
1901,10
1902,71
1903,5
1904,30
1905,2
1906,45
1907,47
1908,16
1909,0
1910,47
1911,39
1912,30
1913,20
1914,42
1915,49
1916,64
1917,1
1918,71
1919,51
1920,61
1921,12
1922,29
1923,33
1924,23
1925,31
1926,28
1927,39
1928,12
1929,28
1930,61
1931,10
1932,39
1933,23
1934,52
1935,70
1936,52
1937,46
1938,7
1939,37
1940,71
1941,0
1942,26
1943,39
1944,73
1945,33
1946,22
1947,31
1948,17
1949,3
1950,25
1951,48
1952,53
1953,28
1954,26
1955,56
1956,47
1957,52
1958,56
1959,72
1960,7
1961,25
1962,5
1963,15
1964,40
1965,46
1966,46
1967,57
1968,41
1969,56
1970,50
1971,48
1972,52
1973,23
1974,41
1975,0
1976,51
1977,28
1978,56
1979,42
1980,31
1981,4
1982,43
1983,20
1984,71
1985,31
1986,41
1987,16
1988,23
1989,23
1990,26
1991,71
1992,1
1993,46
1994,49
1995,25
1996,16
1997,20
1998,68
1999,73
2000,54
2001,47
2002,34
2003,46
2004,20
2005,25
2006,30
2007,24
2008,49
2009,52
2010,7
2011,12
2012,41
2013,46
2014,52
2015,30
2016,20
2017,0
2018,51
2019,71
2020,42
2021,31
2022,34
2023,47
2024,54
2025,28
2026,53
2027,50
2028,24
2029,25
2030,46
2031,68
2032,73
2033,8
2034,53
2035,70
2036,39
2037,51
2038,34
2039,3
2040,19
2041,64
2042,52
2043,1
2044,67
2045,51
2046,42
2047,28
2048,8
2049,73
2050,8
2051,47
2052,46
2053,13
2054,52
2055,30
2056,73
2057,47
2058,1
2059,52
2060,38
2061,4
2062,24
2063,17
2064,41
2065,4
2066,71
2067,20
2068,69
2069,5
2070,71
2071,46
2072,33
2073,31
2074,64
2075,8
2076,12
2077,17
2078,28
2079,22
2080,22
2081,49
2082,52
2083,61
2084,38
2085,54
2086,8
2087,25
2088,23
2089,15
2090,28
2091,68
2092,20
2093,53
2094,28
2095,60
2096,34
2097,42
2098,21
2099,61
2100,24
2101,73
2102,13
2103,31
2104,31
2105,12
2106,64
2107,37
2108,12
2109,29
2110,28
2111,72
2112,6
2113,52
2114,31
2115,41
2116,7
2117,43
2118,8
2119,20
2120,48
2121,45
2122,40
2123,59
2124,59
2125,49
2126,4
2127,4
2128,70
2129,41
2130,65
2131,40
2132,30
2133,25
2134,23
2135,28
2136,73
2137,61
2138,28
2139,6
2140,29
2141,19
2142,56
2143,31
2144,73
2145,59
2146,28
2147,59
2148,16
2149,54
2150,38
2151,67
2152,25
2153,61
2154,7
2155,31
2156,42
2157,10
2158,29
2159,32
2160,61
2161,38
2162,49
2163,0
2164,64
2165,46
2166,34
2167,8
2168,11
2169,7
2170,72
2171,46
2172,46
2173,49
2174,71
2175,23
2176,30
2177,13
2178,62
2179,52
2180,56
2181,32
2182,7
2183,8
2184,54
2185,54
2186,70
2187,55
2188,17
2189,31
2190,29
2191,72
2192,71
2193,25
2194,0
2195,47
2196,33
2197,25
2198,31
2199,7
2200,20
2201,42
2202,12
2203,8
2204,34
2205,46
2206,39
2207,62
2208,3
2209,46
2210,73
2211,34
2212,8
2213,71
2214,3
2215,73
2216,34
2217,38
2218,61
2219,56
2220,21
2221,7
2222,8
2223,59
2224,52
2225,11
2226,64
2227,21
2228,20
2229,51
2230,55
2231,6
2232,6
2233,28
2234,38
2235,13
2236,33
2237,32
2238,8
2239,13
2240,25
2241,60
2242,6
2243,1
2244,4
2245,45
2246,41
2247,41
2248,26
2249,41
2250,12
2251,46
2252,4
2253,12
2254,34
2255,12
2256,16
2257,25
2258,12
2259,20
2260,26
2261,7
2262,30
2263,61
2264,31
2265,49
2266,12
2267,46
2268,4
2269,72
2270,73
2271,68
2272,3
2273,39
2274,73
2275,26
2276,4
2277,23
2278,54
2279,47
2280,42
2281,48
2282,68
2283,7
2284,46
2285,51
2286,6
2287,73
2288,6
2289,23
2290,30
2291,34
2292,1
2293,25
2294,20
2295,73
2296,20
2297,28
2298,50
2299,6
2300,40
2301,49
2302,25
2303,40
2304,43
2305,13
2306,72
2307,73
2308,55
2309,28
2310,31
2311,20
2312,29
2313,71
2314,71
2315,72
2316,20
2317,38
2318,30
2319,12
2320,10
2321,62
2322,45
2323,31
2324,24
2325,30
2326,10
2327,64
2328,31
2329,59
2330,6
2331,54
2332,30
2333,19
2334,70
2335,46
2336,6
2337,25
2338,1
2339,20
2340,42
2341,31
2342,23
2343,46
2344,34
2345,12
2346,71
2347,25
2348,38
2349,1
2350,64
2351,53
2352,30
2353,64
2354,49
2355,39
2356,71
2357,7
2358,29
2359,4
2360,68
2361,51
2362,7
2363,30
2364,29
2365,30
2366,52
2367,4
2368,8
2369,0
2370,12
2371,46
2372,52
2373,1
2374,25
2375,17
2376,12
2377,42
2378,30
2379,57
2380,73
2381,1
2382,51
2383,1
2384,52
2385,45
2386,46
2387,67
2388,25
2389,30
2390,31
2391,25
2392,46
2393,56
2394,72
2395,32
2396,49
2397,34
2398,29
2399,4
2400,54
2401,28
2402,12
2403,39
2404,33
2405,10
2406,4
2407,54
2408,64
2409,31
2410,31
2411,33
2412,56
2413,41
2414,73
2415,51
2416,38
2417,41
2418,30
2419,73
2420,0
2421,41
2422,64
2423,23
2424,13
2425,53
2426,8
2427,13
2428,48
2429,51
2430,22
2431,28
2432,29
2433,24
2434,31
2435,26
2436,67
2437,70
2438,49
2439,26
2440,54
2441,72
2442,41
2443,30
2444,3
2445,52
2446,13
2447,61
2448,4
2449,20
2450,8
2451,20
2452,64
2453,4
2454,21
2455,71
2456,56
2457,1
2458,8
2459,41
2460,24
2461,32
2462,46
2463,29
2464,64
2465,70
2466,71
2467,21
2468,46
2469,71
2470,0
2471,10
2472,30
2473,42
2474,16
2475,35
2476,20
2477,38
2478,50
2479,64
2480,20
2481,45
2482,20
2483,54
2484,6
2485,68
2486,52
2487,12
2488,26
2489,1
2490,23
2491,59
2492,41
2493,23
2494,20
2495,0
2496,28
2497,24
2498,28
2499,51
2500,71
2501,46
2502,52
2503,6
2504,0
2505,20
2506,51
2507,1
2508,6
2509,28
2510,30
2511,42
2512,12
2513,16
2514,49
2515,4
2516,22
2517,51
2518,41
2519,24
2520,54
2521,42
2522,12
2523,64
2524,42
2525,56
2526,0
2527,6
2528,46
2529,4
2530,17
2531,24
2532,22
2533,1
2534,29
2535,37
2536,1
2537,46
2538,53
2539,49
2540,13
2541,46
2542,31
2543,68
2544,16
2545,52
2546,6
2547,42
2548,10
2549,8
2550,15
2551,64
2552,19
2553,41
2554,48
2555,41
2556,37
2557,41
2558,0
2559,68
2560,0
2561,47
2562,17
2563,20
2564,52
2565,41
2566,6
2567,16
2568,73
2569,4
2570,34
2571,62
2572,49
2573,52
2574,15
2575,56
2576,30
2577,45
2578,20
2579,38
2580,45
2581,22
2582,46
2583,42
2584,42
2585,12
2586,12
2587,68
2588,7
2589,31
2590,31
2591,48
2592,12
2593,45
2594,54
2595,16
2596,41
2597,31
2598,21
2599,39
2600,7
2601,20
2602,52
2603,12
2604,69
2605,71
2606,6
2607,54
2608,71
2609,41
2610,28
2611,40
2612,45
2613,25
2614,28
2615,1
2616,1
2617,37
2618,0
2619,47
2620,64
2621,3
2622,41
2623,15
2624,49
2625,69
2626,4
2627,20
2628,53
2629,3
2630,49
2631,41
2632,51
2633,28
2634,4
2635,10
2636,37
2637,16
2638,47
2639,0
2640,51
2641,1
2642,15
2643,46
2644,6
2645,39
2646,42
2647,20
2648,52
2649,61
2650,46
2651,1
2652,73
2653,38
2654,6
2655,71
2656,49
2657,1
2658,40
2659,70
2660,62
2661,68
2662,52
2663,63
2664,30
2665,68
2666,1
2667,51
2668,59
2669,42
2670,13
2671,42
2672,52
2673,4
2674,31
2675,6
2676,15
2677,20
2678,30
2679,61
2680,62
2681,51
2682,62
2683,17
2684,49
2685,30
2686,8
2687,68
2688,68
2689,40
2690,61
2691,23
2692,16
2693,20
2694,31
2695,52
2696,54
2697,23
2698,42
2699,34
2700,56
2701,53
2702,46
2703,59
2704,49
2705,9
2706,57
2707,47
2708,8
2709,10
2710,8
2711,31
2712,71
2713,30
2714,21
2715,39
2716,73
2717,71
2718,49
2719,20
2720,71
2721,4
2722,0
2723,12
2724,52
2725,10
2726,41
2727,2
2728,21
2729,52
2730,0
2731,54
2732,40
2733,46
2734,13
2735,8
2736,72
2737,52
2738,71
2739,1
2740,8
2741,1
2742,68
2743,25
2744,3
2745,38
2746,24
2747,61
2748,12
2749,73
2750,13
2751,46
2752,12
2753,23
2754,41
2755,71
2756,10
2757,46
2758,12
2759,23
2760,13
2761,13
2762,23
2763,24
2764,29
2765,73
2766,42
2767,64
2768,59
2769,70
2770,12
2771,42
2772,24
2773,64
2774,24
2775,12
2776,7
2777,51
2778,26
2779,39
2780,8
2781,40
2782,12
2783,8
2784,34
2785,49
2786,72
2787,34
2788,45
2789,13
2790,45
2791,41
2792,4
2793,20
2794,2
2795,48
2796,25
2797,71
2798,20
2799,68
2800,16
2801,16
2802,54
2803,30
2804,31
2805,61
2806,56
2807,4
2808,39
2809,6
2810,20
2811,30
2812,20
2813,4
2814,52
2815,37
2816,69
2817,46
2818,13
2819,7
2820,25
2821,46
2822,30
2823,28
2824,49
2825,54
2826,71
2827,12
2828,1
2829,30
2830,25
2831,64
2832,2
2833,71
2834,4
2835,30
2836,47
2837,61
2838,3
2839,46
2840,20
2841,73
2842,7
2843,54
2844,42
2845,12
2846,59
2847,52
2848,64
2849,40
2850,23
2851,72
2852,23
2853,49
2854,24
2855,31
2856,71
2857,52
2858,62
2859,11
2860,61
2861,17
2862,8
2863,7
2864,38
2865,10
2866,8
2867,42
2868,73
2869,31
2870,24
2871,9
2872,4
2873,7
2874,22
2875,54
2876,7
2877,40
2878,8
2879,31
2880,71
2881,7
2882,39
2883,49
2884,38
2885,4
2886,49
2887,49
2888,64
2889,12
2890,42
2891,23
2892,1
2893,10
2894,46
2895,52
2896,20
2897,49
2898,8
2899,30
2900,45
2901,41
2902,4
2903,29
2904,25
2905,13
2906,1
2907,6
2908,30
2909,54
2910,8
2911,42
2912,12
2913,13
2914,8
2915,64
2916,4
2917,73
2918,45
2919,31
2920,10
2921,10
2922,57
2923,61
2924,20
2925,62
2926,56
2927,42
2928,28
2929,41
2930,45
2931,13
2932,24
2933,73
2934,55
2935,38
2936,2
2937,54
2938,67
2939,46
2940,28
2941,10
2942,24
2943,31
2944,23
2945,56
2946,40
2947,3
2948,22
2949,10
2950,30
2951,20
2952,4
2953,29
2954,28
2955,17
2956,6
2957,49
2958,46
2959,25
2960,38
2961,51
2962,28
2963,31
2964,28
2965,51
2966,6
2967,48
2968,59
2969,19
2970,31
2971,4
2972,34
2973,41
2974,31
2975,0
2976,54
2977,50
2978,33
2979,47
2980,13
2981,56
2982,29
2983,50
2984,0
2985,42
2986,54
2987,1
2988,49
2989,13
2990,29
2991,61
2992,29
2993,42
2994,8
2995,13
2996,47
2997,0
2998,28
2999,7
3000,8
3001,34
3002,45
3003,40
3004,47
3005,39
3006,24
3007,24
3008,42
3009,31
3010,47
3011,13
3012,30
3013,24
3014,68
3015,71
3016,29
3017,6
3018,23
3019,34
3020,69
3021,20
3022,34
3023,40
3024,4
3025,62
3026,31
3027,6
3028,12
3029,54
3030,73
3031,13
3032,4
3033,13
3034,42
3035,41
3036,1
3037,17
3038,23
3039,61
3040,71
3041,47
3042,54
3043,20
3044,13
3045,41
3046,12
3047,12
3048,56
3049,46
3050,12
3051,68
3052,47
3053,3
3054,16
3055,3
3056,26
3057,8
3058,47
3059,48
3060,54
3061,63
3062,40
3063,31
3064,71
3065,42
3066,12
3067,42
3068,17
3069,41
3070,6
3071,30
3072,55
3073,7
3074,23
3075,4
3076,41
3077,64
3078,17
3079,4
3080,39
3081,1
3082,17
3083,23
3084,23
3085,31
3086,28
3087,12
3088,33
3089,40
3090,39
3091,60
3092,52
3093,54
3094,16
3095,64
3096,73
3097,23
3098,64
3099,29
3100,6
3101,52
3102,40
3103,3
3104,64
3105,25
3106,45
3107,29
3108,30
3109,10
3110,49
3111,31
3112,0
3113,20
3114,12
3115,8
3116,41
3117,38
3118,43
3119,20
3120,6
3121,25
3122,31
3123,72
3124,39
3125,42
3126,28
3127,7
3128,41
3129,34
3130,68
3131,71
3132,73
3133,52
3134,46
3135,31
3136,54
3137,31
3138,0
3139,28
3140,52
3141,31
3142,6
3143,23
3144,12
3145,38
3146,29
3147,13
3148,52
3149,61
3150,47
3151,30
3152,30
3153,17
3154,45
3155,20
3156,4
3157,23
3158,36
3159,20
3160,61
3161,39
3162,73
3163,19
3164,17
3165,67
3166,8
3167,56
3168,49
3169,25
3170,46
3171,33
3172,46
3173,71
3174,49
3175,16
3176,17
3177,31
3178,6
3179,30
3180,1
3181,49
3182,54
3183,26
3184,12
3185,38
3186,7
3187,41
3188,49
3189,54
3190,28
3191,4
3192,1
3193,52
3194,13
3195,25
3196,20
3197,28
3198,33
3199,71
3200,6
3201,49
3202,68
3203,31
3204,1
3205,13
3206,11
3207,54
3208,31
3209,51
3210,61
3211,16
3212,71
3213,25
3214,56
3215,1
3216,40
3217,54
3218,6
3219,52
3220,71
3221,28
3222,68
3223,25
3224,56
3225,36
3226,31
3227,54
3228,40
3229,10
3230,54
3231,12
3232,20
3233,10
3234,73
3235,40
3236,13
3237,49
3238,31
3239,41
3240,73
3241,13
3242,38
3243,41
3244,21
3245,33
3246,30
3247,64
3248,45
3249,42
3250,6
3251,52
3252,20
3253,41
3254,28
3255,1
3256,1
3257,30
3258,55
3259,70
3260,23
3261,33
3262,1
3263,23
3264,36
3265,20
3266,71
3267,64
3268,6
3269,26
3270,24
3271,47
3272,20
3273,34
3274,11
3275,51
3276,31
3277,25
3278,52
3279,56
3280,61
3281,70
3282,30
3283,73
3284,4
3285,4
3286,72
3287,40
3288,24
3289,19
3290,62
3291,6
3292,10
3293,23
3294,4
3295,73
3296,22
3297,13
3298,6
3299,13
3300,22
3301,71
3302,46
3303,42
3304,31
3305,25
3306,30
3307,53
3308,31
3309,71
3310,8
3311,7
3312,59
3313,47
3314,51
3315,29
3316,28
3317,29
3318,45
3319,42
3320,61
3321,28
3322,54
3323,12
3324,52
3325,52
3326,64
3327,33
3328,32
3329,1
3330,57
3331,42
3332,47
3333,30
3334,42
3335,4
3336,46
3337,69
3338,23
3339,41
3340,68
3341,12
3342,49
3343,51
3344,54
3345,46
3346,0
3347,4
3348,70
3349,33
3350,55
3351,38
3352,5
3353,40
3354,31
3355,61
3356,71
3357,16
3358,4
3359,6
3360,26
3361,54
3362,46
3363,54
3364,42
3365,42
3366,4
3367,25
3368,69
3369,30
3370,49
3371,72
3372,72
3373,20
3374,23
3375,71
3376,34
3377,42
3378,38
3379,17
3380,46
3381,10
3382,13
3383,71
3384,6
3385,2
3386,34
3387,62
3388,72
3389,30
3390,4
3391,38
3392,0
3393,12
3394,49
3395,20
3396,67
3397,29
3398,15
3399,8
3400,7
3401,22
3402,24
3403,13
3404,20
3405,52
3406,49
3407,6
3408,63
3409,25
3410,40
3411,17
3412,3
3413,16
3414,54
3415,56
3416,52
3417,25
3418,24
3419,1
3420,38
3421,7
3422,0
3423,34
3424,29
3425,54
3426,69
3427,12
3428,24
3429,56
3430,13
3431,55
3432,6
3433,1
3434,45
3435,73
3436,23
3437,13
3438,60
3439,1
3440,29
3441,12
3442,23
3443,73
3444,39
3445,42
3446,4
3447,31
3448,18
3449,19
3450,6
3451,39
3452,24
3453,4
3454,38
3455,3
3456,4
3457,45
3458,7
3459,24
3460,31
3461,42
3462,17
3463,15
3464,0
3465,68
3466,21
3467,40
3468,42
3469,47
3470,21
3471,12
3472,4
3473,8
3474,38
3475,71
3476,41
3477,52
3478,10
3479,12
3480,61
3481,23
3482,61
3483,4
3484,38
3485,20
3486,23
3487,17
3488,25
3489,38
3490,1
3491,30
3492,54
3493,56
3494,39
3495,70
3496,56
3497,8
3498,23
3499,11
3500,3
3501,31
3502,4
3503,54
3504,53
3505,4
3506,32
3507,25
3508,12
3509,12
3510,72
3511,42
3512,51
3513,12
3514,52
3515,28
3516,51
3517,54
3518,40
3519,13
3520,25
3521,46
3522,13
3523,7
3524,1
3525,1
3526,71
3527,52
3528,7
3529,7
3530,71
3531,54
3532,12
3533,0
3534,52
3535,45
3536,8
3537,31
3538,41
3539,73
3540,40
3541,34
3542,1
3543,28
3544,21
3545,71
3546,10
3547,52
3548,4
3549,45
3550,4
3551,20
3552,31
3553,25
3554,4
3555,1
3556,71
3557,59
3558,42
3559,7
3560,54
3561,6
3562,31
3563,73
3564,41
3565,52
3566,25
3567,29
3568,28
3569,52
3570,32
3571,23
3572,0
3573,7
3574,12
3575,46
3576,28
3577,17
3578,58
3579,10
3580,54
3581,25
3582,8
3583,21
3584,10
3585,15
3586,42
3587,38
3588,31
3589,71
3590,71
3591,46
3592,51
3593,64
3594,13
3595,20
3596,61
3597,52
3598,47
3599,23
3600,31
3601,25
3602,1
3603,61
3604,25
3605,29
3606,0
3607,28
3608,52
3609,64
3610,17
3611,46
3612,20
3613,61
3614,39
3615,58
3616,49
3617,45
3618,31
3619,25
3620,69
3621,25
3622,32
3623,4
3624,21
3625,39
3626,71
3627,30
3628,73
3629,42
3630,45
3631,6
3632,3
3633,46
3634,24
3635,64
3636,12
3637,38
3638,32
3639,15
3640,12
3641,34
3642,1
3643,4
3644,71
3645,53
3646,12
3647,35
3648,12
3649,12
3650,28
3651,0
3652,29
3653,24
3654,54
3655,41
3656,54
3657,24
3658,20
3659,13
3660,56
3661,17
3662,49
3663,1
3664,1
3665,10
3666,1
3667,72
3668,64
3669,48
3670,34
3671,28
3672,42
3673,25
3674,0
3675,31
3676,40
3677,43
3678,67
3679,12
3680,28
3681,1
3682,28
3683,0
3684,41
3685,15
3686,31
3687,39
3688,12
3689,24
3690,28
3691,28
3692,39
3693,42
3694,34
3695,71
3696,24
3697,65
3698,23
3699,28
3700,39
3701,29
3702,73
3703,20
3704,64
3705,8
3706,23
3707,30
3708,51
3709,13
3710,48
3711,40
3712,12
3713,69
3714,23
3715,17
3716,8
3717,38
3718,73
3719,23
3720,24
3721,32
3722,4
3723,46
3724,7
3725,1
3726,46
3727,39
3728,0
3729,24
3730,61
3731,54
3732,20
3733,13
3734,39
3735,55
3736,42
3737,61
3738,42
3739,29
3740,31
3741,10
3742,4
3743,71
3744,33
3745,23
3746,48
3747,47
3748,12
3749,26
3750,15
3751,41
3752,1
3753,8
3754,29
3755,20
3756,22
3757,40
3758,23
3759,33
3760,71
3761,8
3762,42
3763,25
3764,54
3765,22
3766,25
3767,51
3768,52
3769,24
3770,28
3771,71
3772,0
3773,26
3774,49
3775,32
3776,52
3777,8
3778,63
3779,16
3780,10
3781,20
3782,13
3783,12
3784,23
3785,61
3786,48
3787,32
3788,52
3789,13
3790,61
3791,46
3792,30
3793,68
3794,30
3795,12
3796,62
3797,69
3798,51
3799,46
3800,43
3801,38
3802,52
3803,28
3804,45
3805,1
3806,30
3807,20
3808,22
3809,33
3810,34
3811,54
3812,71
3813,47
3814,26
3815,47
3816,33
3817,4
3818,56
3819,8
3820,12
3821,21
3822,54
3823,1
3824,71
3825,6
3826,45
3827,61
3828,23
3829,49
3830,42
3831,12
3832,46
3833,59
3834,31
3835,52
3836,4
3837,42
3838,23
3839,52
3840,67
3841,20
3842,3
3843,11
3844,31
3845,51
3846,12
3847,47
3848,17
3849,20
3850,39
3851,54
3852,34
3853,1
3854,54
3855,52
3856,64
3857,30
3858,61
3859,57
3860,30
3861,31
3862,27
3863,70
3864,20
3865,20
3866,51
3867,42
3868,64
3869,28
3870,64
3871,50
3872,54
3873,11
3874,20
3875,0
3876,31
3877,32
3878,53
3879,48
3880,47
3881,12
3882,52
3883,24
3884,1
3885,71
3886,64
3887,51
3888,46
3889,51
3890,35
3891,4
3892,73
3893,30
3894,1
3895,46
3896,12
3897,31
3898,13
3899,53
3900,54
3901,30
3902,57
3903,12
3904,51
3905,24
3906,15
3907,24
3908,1
3909,23
3910,1
3911,39
3912,73
3913,46
3914,56
3915,2
3916,29
3917,71
3918,38
3919,31
3920,60
3921,39
3922,41
3923,46
3924,31
3925,46
3926,20
3927,47
3928,16
3929,1
3930,44
3931,68
3932,42
3933,48
3934,25
3935,55
3936,30
3937,68
3938,11
3939,38
3940,61
3941,4
3942,52
3943,30
3944,20
3945,52
3946,50
3947,20
3948,71
3949,30
3950,46
3951,17
3952,6
3953,64
3954,31
3955,72
3956,67
3957,51
3958,30
3959,49
3960,33
3961,2
3962,20
3963,8
3964,47
3965,10
3966,7
3967,12
3968,30
3969,58
3970,37
3971,17
3972,52
3973,23
3974,26
3975,52
3976,72
3977,10
3978,41
3979,51
3980,19
3981,25
3982,8
3983,56
3984,12
3985,61
3986,24
3987,61
3988,60
3989,16
3990,4
3991,64
3992,56
3993,25
3994,54
3995,42
3996,29
3997,23
3998,4
3999,38
4000,41
4001,61
4002,41
4003,60
4004,45
4005,37
4006,46
4007,12
4008,31
4009,7
4010,1
4011,24
4012,8
4013,71
4014,60
4015,46
4016,64
4017,48
4018,13
4019,29
4020,56
4021,30
4022,49
4023,71
4024,4
4025,16
4026,28
4027,70
4028,17
4029,73
4030,45
4031,1
4032,70
4033,51
4034,31
4035,23
4036,11
4037,49
4038,45
4039,30
4040,10
4041,39
4042,51
4043,12
4044,41
4045,31
4046,24
4047,49
4048,40
4049,54
4050,28
4051,30
4052,34
4053,52
4054,61
4055,20
4056,73
4057,13
4058,4
4059,4
4060,23
4061,73
4062,11
4063,67
4064,30
4065,20
4066,69
4067,20
4068,73
4069,23
4070,1
4071,48
4072,56
4073,17
4074,0
4075,23
4076,17
4077,29
4078,61
4079,20
4080,54
4081,54
4082,42
4083,10
4084,20
4085,50
4086,54
4087,24
4088,21
4089,41
4090,31
4091,45
4092,31
4093,73
4094,20
4095,57
4096,30
4097,28
4098,41
4099,46
4100,25
4101,49
4102,40
4103,32
4104,31
4105,42
4106,3
4107,55
4108,41
4109,51
4110,31
4111,1
4112,20
4113,22
4114,29
4115,73
4116,7
4117,4
4118,41
4119,41
4120,52
4121,43
4122,8
4123,28
4124,42
4125,1
4126,3
4127,38
4128,42
4129,52
4130,71
4131,33
4132,31
4133,31
4134,24
4135,20
4136,71
4137,73
4138,13
4139,31
4140,39
4141,54
4142,3
4143,30
4144,12
4145,52
4146,59
4147,45
4148,7
4149,40
4150,39
4151,47
4152,25
4153,28
4154,35
4155,51
4156,40
4157,17
4158,28
4159,31
4160,31
4161,61
4162,12
4163,25
4164,48
4165,42
4166,25
4167,30
4168,71
4169,1
4170,32
4171,15
4172,26
4173,1
4174,30
4175,16
4176,62
4177,40
4178,13
4179,13
4180,46
4181,12
4182,29
4183,42
4184,26
4185,42
4186,29
4187,0
4188,71
4189,59
4190,0
4191,6
4192,52
4193,47
4194,39
4195,41
4196,21
4197,3
4198,57
4199,1
4200,71
4201,61
4202,68
4203,31
4204,56
4205,47
4206,19
4207,42
4208,20
4209,3
4210,30
4211,0
4212,32
4213,39
4214,50
4215,41
4216,23
4217,1
4218,25
4219,42
4220,37
4221,71
4222,12
4223,42
4224,71
4225,71
4226,18
4227,31
4228,51
4229,32
4230,20
4231,8
4232,30
4233,12
4234,15
4235,4
4236,30
4237,66
4238,12
4239,49
4240,17
4241,0
4242,73
4243,8
4244,40
4245,30
4246,49
4247,0
4248,53
4249,11
4250,23
4251,6
4252,7
4253,71
4254,67
4255,54
4256,60
4257,31
4258,59
4259,8
4260,4
4261,52
4262,53
4263,28
4264,4
4265,52
4266,12
4267,20
4268,33
4269,54
4270,40
4271,71
4272,46
4273,54
4274,0
4275,48
4276,24
4277,7
4278,39
4279,7
4280,19
4281,49
4282,4
4283,54
4284,8
4285,26
4286,48
4287,64
4288,0
4289,38
4290,43
4291,51
4292,69
4293,39
4294,72
4295,9
4296,30
4297,47
4298,21
4299,8
4300,70
4301,7
4302,11
4303,31
4304,6
4305,8
4306,7
4307,48
4308,4
4309,28
4310,20
4311,51
4312,45
4313,72
4314,28
4315,37
4316,3
4317,33
4318,20
4319,6
4320,54
4321,8
4322,68
4323,10
4324,39
4325,11
4326,17
4327,54
4328,61
4329,26
4330,20
4331,7
4332,38
4333,25
4334,46
4335,1
4336,61
4337,23
4338,52
4339,33
4340,30
4341,10
4342,72
4343,30
4344,57
4345,34
4346,29
4347,51
4348,15
4349,0
4350,23
4351,29
4352,68
4353,68
4354,4
4355,31
4356,17
4357,31
4358,53
4359,38
4360,71
4361,52
4362,30
4363,54
4364,30
4365,29
4366,1
4367,49
4368,30
4369,64
4370,56
4371,12
4372,8
4373,71
4374,49
4375,46
4376,24
4377,60
4378,12
4379,15
4380,31
4381,23
4382,43
4383,45
4384,39
4385,34
4386,4
4387,13
4388,31
4389,41
4390,20
4391,0
4392,26
4393,71
4394,56
4395,28
4396,12
4397,6
4398,37
4399,64
4400,52
4401,48
4402,31
4403,62
4404,24
4405,29
4406,10
4407,50
4408,41
4409,71
4410,49
4411,12
4412,60
4413,51
4414,61
4415,51
4416,38
4417,17
4418,13
4419,6
4420,23
4421,16
4422,12
4423,1
4424,13
4425,45
4426,12
4427,40
4428,71
4429,50
4430,12
4431,54
4432,49
4433,50
4434,53
4435,0
4436,12
4437,71
4438,54
4439,20
4440,70
4441,54
4442,73
4443,12
4444,10
4445,39
4446,4
4447,41
4448,42
4449,12
4450,71
4451,12
4452,16
4453,53
4454,30
4455,4
4456,10
4457,70
4458,31
4459,28
4460,31
4461,12
4462,46
4463,29
4464,29
4465,12
4466,31
4467,41
4468,71
4469,7
4470,64
4471,42
4472,51
4473,3
4474,23
4475,54
4476,20
4477,12
4478,73
4479,4
4480,33
4481,24
4482,40
4483,4
4484,69
4485,19
4486,20
4487,69
4488,24
4489,1
4490,25
4491,24
4492,42
4493,4
4494,30
4495,52
4496,12
4497,12
4498,73
4499,42
4500,47
4501,13
4502,56
4503,54
4504,3
4505,41
4506,20
4507,68
4508,3
4509,23
4510,30
4511,73
4512,30
4513,6
4514,69
4515,7
4516,20
4517,51
4518,40
4519,45
4520,60
4521,64
4522,39
4523,56
4524,33
4525,3
4526,40
4527,43
4528,7
4529,48
4530,61
4531,16
4532,16
4533,71
4534,59
4535,45
4536,48
4537,26
4538,1
4539,41
4540,12
4541,52
4542,24
4543,73
4544,31
4545,47
4546,68
4547,30
4548,28
4549,23
4550,21
4551,48
4552,49
4553,69
4554,25
4555,49
4556,31
4557,30
4558,11
4559,71
4560,12
4561,25
4562,54
4563,73
4564,25
4565,59
4566,13
4567,3
4568,71
4569,41
4570,37
4571,23
4572,41
4573,20
4574,34
4575,61
4576,59
4577,4
4578,0
4579,73
4580,42
4581,51
4582,15
4583,20
4584,71
4585,73
4586,71
4587,58
4588,73
4589,34
4590,6
4591,70
4592,39
4593,0
4594,10
4595,38
4596,36
4597,73
4598,2
4599,31
4600,45
4601,61
4602,40
4603,71
4604,13
4605,48
4606,30
4607,62
4608,61
4609,51
4610,12
4611,33
4612,25
4613,57
4614,64
4615,8
4616,28
4617,33
4618,29
4619,71
4620,46
4621,8
4622,55
4623,10
4624,67
4625,20
4626,17
4627,49
4628,57
4629,56
4630,40
4631,31
4632,71
4633,71
4634,53
4635,7
4636,33
4637,71
4638,60
4639,73
4640,51
4641,50
4642,65
4643,56
4644,23
4645,17
4646,40
4647,23
4648,51
4649,71
4650,34
4651,28
4652,39
4653,41
4654,56
4655,68
4656,64
4657,45
4658,7
4659,46
4660,22
4661,39
4662,46
4663,42
4664,11
4665,39
4666,4
4667,51
4668,73
4669,13
4670,25
4671,13
4672,41
4673,68
4674,42
4675,0
4676,15
4677,46
4678,67
4679,53
4680,68
4681,45
4682,73
4683,71
4684,46
4685,72
4686,26
4687,67
4688,71
4689,29
4690,47
4691,31
4692,10
4693,52
4694,38
4695,50
4696,41
4697,59
4698,25
4699,29
4700,72
4701,10
4702,13
4703,61
4704,54
4705,47
4706,60
4707,71
4708,45
4709,17
4710,54
4711,42
4712,71
4713,1
4714,56
4715,12
4716,12
4717,1
4718,52
4719,25
4720,19
4721,59
4722,23
4723,1
4724,4
4725,39
4726,29
4727,25
4728,33
4729,30
4730,46
4731,9
4732,4
4733,20
4734,73
4735,1
4736,23
4737,53
4738,28
4739,61
4740,49
4741,16
4742,54
4743,52
4744,29
4745,6
4746,52
4747,47
4748,40
4749,54
4750,52
4751,30
4752,1
4753,25
4754,16
4755,73
4756,64
4757,13
4758,45
4759,55
4760,68
4761,68
4762,38
4763,71
4764,57
4765,2
4766,7
4767,38
4768,46
4769,46
4770,64
4771,30
4772,16
4773,52
4774,31
4775,73
4776,25
4777,64
4778,68
4779,28
4780,4
4781,7
4782,64
4783,29
4784,49
4785,45
4786,47
4787,71
4788,23
4789,13
4790,73
4791,23
4792,13
4793,41
4794,11
4795,68
4796,71
4797,8
4798,4
4799,49
4800,52
4801,10
4802,30
4803,25
4804,8
4805,29
4806,57
4807,56
4808,4
4809,34
4810,39
4811,10
4812,26
4813,25
4814,51
4815,31
4816,4
4817,57
4818,72
4819,28
4820,50
4821,24
4822,45
4823,26
4824,47
4825,54
4826,71
4827,26
4828,39
4829,46
4830,20
4831,54
4832,40
4833,59
4834,68
4835,46
4836,32
4837,42
4838,34
4839,52
4840,45
4841,73
4842,52
4843,20
4844,71
4845,21
4846,16
4847,45
4848,70
4849,57
4850,30
4851,32
4852,64
4853,12
4854,34
4855,26
4856,73
4857,33
4858,46
4859,71
4860,68
4861,36
4862,68
4863,30
4864,31
4865,47
4866,40
4867,0
4868,48
4869,41
4870,71
4871,46
4872,56
4873,73
4874,54
4875,39
4876,64
4877,25
4878,8
4879,64
4880,56
4881,45
4882,67
4883,24
4884,41
4885,29
4886,26
4887,21
4888,29
4889,7
4890,12
4891,46
4892,40
4893,12
4894,1
4895,31
4896,39
4897,31
4898,71
4899,17
4900,68
4901,29
4902,49
4903,25
4904,64
4905,61
4906,47
4907,28
4908,31
4909,42
4910,64
4911,52
4912,15
4913,17
4914,1
4915,12
4916,45
4917,51
4918,47
4919,39
4920,12
4921,48
4922,12
4923,13
4924,21
4925,52
4926,28
4927,4
4928,11
4929,56
4930,22
4931,12
4932,56
4933,8
4934,51
4935,51
4936,12
4937,46
4938,45
4939,73
4940,25
4941,1
4942,36
4943,69
4944,13
4945,51
4946,42
4947,54
4948,8
4949,30
4950,24
4951,7
4952,13
4953,49
4954,47
4955,8
4956,56
4957,25
4958,39
4959,23
4960,39
4961,4
4962,64
4963,8
4964,29
4965,51
4966,51
4967,21
4968,46
4969,8
4970,71
4971,30
4972,48
4973,28
4974,24
4975,26
4976,61
4977,29
4978,30
4979,61
4980,68
4981,49
4982,47
4983,22
4984,6
4985,39
4986,31
4987,43
4988,17
4989,46
4990,23
4991,3
4992,0
4993,8
4994,64
4995,48
4996,56
4997,61
4998,12
4999,0
5000,30
5001,30
5002,53
5003,30
5004,39
5005,70
5006,38
5007,17
5008,25
5009,46
5010,1
5011,1
5012,50
5013,49
5014,22
5015,41
5016,39
5017,28
5018,6
5019,7
5020,13
5021,31
5022,28
5023,29
5024,42
5025,49
5026,29
5027,10
5028,8
5029,73
5030,46
5031,42
5032,34
5033,13
5034,33
5035,61
5036,19
5037,38
5038,4
5039,52
5040,22
5041,71
5042,41
5043,71
5044,64
5045,30
5046,31
5047,16
5048,53
5049,1
5050,49
5051,10
5052,46
5053,49
5054,40
5055,60
5056,4
5057,73
5058,64
5059,52
5060,45
5061,52
5062,39
5063,61
5064,20
5065,24
5066,55
5067,0
5068,30
5069,68
5070,13
5071,54
5072,25
5073,33
5074,73
5075,19
5076,8
5077,28
5078,16
5079,25
5080,48
5081,15
5082,56
5083,46
5084,30
5085,15
5086,56
5087,47
5088,8
5089,8
5090,28
5091,56
5092,31
5093,52
5094,52
5095,64
5096,17
5097,30
5098,50
5099,41
5100,71
5101,51
5102,71
5103,68
5104,56
5105,53
5106,7
5107,41
5108,38
5109,70
5110,28
5111,36
5112,31
5113,23
5114,60
5115,20
5116,1
5117,1
5118,34
5119,22
5120,19
5121,52
5122,51
5123,56
5124,29
5125,64
5126,30
5127,3
5128,12
5129,40
5130,61
5131,49
5132,31
5133,41
5134,38
5135,59
5136,4
5137,31
5138,8
5139,20
5140,66
5141,73
5142,25
5143,21
5144,23
5145,31
5146,12
5147,46
5148,23
5149,2
5150,50
5151,43
5152,49
5153,55
5154,54
5155,69
5156,52
5157,71
5158,21
5159,28
5160,40
5161,8
5162,48
5163,25
5164,46
5165,7
5166,28
5167,12
5168,31
5169,56
5170,13
5171,4
5172,38
5173,15
5174,46
5175,1
5176,0
5177,12
5178,25
5179,30
5180,69
5181,4
5182,31
5183,13
5184,59
5185,56
5186,51
5187,64
5188,49
5189,72
5190,41
5191,52
5192,31
5193,33
5194,8
5195,4
5196,20
5197,42
5198,39
5199,29
5200,73
5201,54
5202,17
5203,56
5204,39
5205,1
5206,48
5207,7
5208,8
5209,30
5210,25
5211,61
5212,54
5213,31
5214,8
5215,8
5216,68
5217,25
5218,30
5219,12
5220,37
5221,46
5222,28
5223,47
5224,9
5225,68
5226,73
5227,40
5228,29
5229,22
5230,71
5231,46
5232,42
5233,45
5234,42
5235,62
5236,54
5237,31
5238,4
5239,47
5240,19
5241,46
5242,28
5243,29
5244,7
5245,45
5246,28
5247,23
5248,64
5249,56
5250,12
5251,17
5252,0
5253,7
5254,54
5255,23
5256,64
5257,73
5258,1
5259,23
5260,36
5261,47
5262,31
5263,54
5264,52
5265,52
5266,3
5267,62
5268,47
5269,23
5270,20
5271,42
5272,49
5273,61
5274,53
5275,13
5276,56
5277,28
5278,47
5279,54
5280,30
5281,28
5282,13
5283,23
5284,54
5285,6
5286,40
5287,12
5288,12
5289,30
5290,17
5291,39
5292,7
5293,3
5294,18
5295,7
5296,68
5297,31
5298,53
5299,54
5300,25
5301,39
5302,4
5303,15
5304,1
5305,15
5306,0
5307,31
5308,4
5309,23
5310,33
5311,53
5312,41
5313,61
5314,31
5315,23
5316,29
5317,64
5318,4
5319,47
5320,51
5321,51
5322,47
5323,73
5324,7
5325,40
5326,46
5327,1
5328,22
5329,10
5330,30
5331,4
5332,0
5333,59
5334,71
5335,8
5336,12
5337,4
5338,68
5339,71
5340,68
5341,1
5342,25
5343,23
5344,49
5345,20
5346,34
5347,17
5348,61
5349,61
5350,10
5351,41
5352,31
5353,54
5354,71
5355,20
5356,1
5357,8
5358,34
5359,13
5360,26
5361,20
5362,30
5363,54
5364,8
5365,12
5366,41
5367,65
5368,46
5369,20
5370,23
5371,15
5372,62
5373,69
5374,52
5375,4
5376,16
5377,53
5378,38
5379,13
5380,49
5381,24
5382,71
5383,1
5384,24
5385,71
5386,71
5387,61
5388,50
5389,31
5390,0
5391,55
5392,22
5393,42
5394,20
5395,61
5396,54
5397,72
5398,26
5399,15
5400,49
5401,40
5402,12
5403,4
5404,20
5405,15
5406,46
5407,7
5408,32
5409,46
5410,12
5411,28
5412,46
5413,71
5414,30
5415,39
5416,8
5417,40
5418,61
5419,54
5420,25
5421,45
5422,7
5423,23
5424,54
5425,72
5426,67
5427,54
5428,12
5429,20
5430,61
5431,73
5432,11
5433,71
5434,7
5435,31
5436,22
5437,28
5438,28
5439,4
5440,61
5441,47
5442,34
5443,13
5444,40
5445,49
5446,17
5447,28
5448,46
5449,13
5450,31
5451,65
5452,4
5453,30
5454,61
5455,46
5456,20
5457,40
5458,28
5459,0
5460,56
5461,49
5462,28
5463,4
5464,25
5465,13
5466,42
5467,73
5468,28
5469,73
5470,47
5471,41
5472,6
5473,51
5474,48
5475,34
5476,46
5477,29
5478,17
5479,11
5480,8
5481,29
5482,31
5483,12
5484,73
5485,45
5486,7
5487,54
5488,71
5489,71
5490,28
5491,17
5492,17
5493,69
5494,47
5495,51
5496,29
5497,52
5498,73
5499,51
5500,49
5501,22
5502,7
5503,10
5504,25
5505,54
5506,4
5507,6
5508,50
5509,28
5510,64
5511,46
5512,25
5513,47
5514,25
5515,31
5516,6
5517,68
5518,39
5519,20
5520,41
5521,49
5522,46
5523,20
5524,68
5525,11
5526,46
5527,12
5528,61
5529,42
5530,17
5531,62
5532,73
5533,53
5534,51
5535,48
5536,35
5537,53
5538,47
5539,42
5540,30
5541,11
5542,38
5543,8
5544,12
5545,66
5546,10
5547,8
5548,52
5549,13
5550,15
5551,72
5552,13
5553,47
5554,4
5555,61
5556,1
5557,48
5558,48
5559,40
5560,31
5561,46
5562,0
5563,15
5564,3
5565,20
5566,52
5567,37
5568,71
5569,34
5570,8
5571,46
5572,51
5573,21
5574,71
5575,30
5576,35
5577,68
5578,73
5579,71
5580,12
5581,35
5582,51
5583,15
5584,12
5585,40
5586,25
5587,49
5588,24
5589,0
5590,8
5591,17
5592,46
5593,49
5594,2
5595,39
5596,54
5597,17
5598,49
5599,4
5600,38
5601,57
5602,9
5603,59
5604,61
5605,23
5606,54
5607,30
5608,59
5609,64
5610,54
5611,12
5612,23
5613,45
5614,60
5615,42
5616,2
5617,24
5618,73
5619,57
5620,72
5621,25
5622,13
5623,6
5624,12
5625,16
5626,37
5627,39
5628,13
5629,41
5630,6
5631,73
5632,8
5633,52
5634,15
5635,29
5636,23
5637,26
5638,40
5639,24
5640,13
5641,16
5642,29
5643,41
5644,45
5645,71
5646,6
5647,46
5648,48
5649,20
5650,71
5651,71
5652,54
5653,28
5654,15
5655,73
5656,34
5657,71
5658,42
5659,12
5660,9
5661,67
5662,12
5663,4
5664,8
5665,34
5666,26
5667,13
5668,73
5669,52
5670,8
5671,4
5672,23
5673,52
5674,11
5675,53
5676,30
5677,20
5678,64
5679,23
5680,31
5681,15
5682,48
5683,34
5684,12
5685,23
5686,4
5687,28
5688,46
5689,24
5690,24
5691,69
5692,51
5693,34
5694,8
5695,38
5696,8
5697,24
5698,21
5699,61
5700,10
5701,61
5702,42
5703,36
5704,59
5705,49
5706,46
5707,56
5708,73
5709,20
5710,46
5711,16
5712,8
5713,30
5714,23
5715,45
5716,71
5717,62
5718,63
5719,39
5720,12
5721,15
5722,0
5723,62
5724,8
5725,47
5726,45
5727,28
5728,12
5729,25
5730,12
5731,45
5732,73
5733,42
5734,61
5735,61
5736,29
5737,46
5738,63
5739,56
5740,49
5741,16
5742,8
5743,0
5744,40
5745,53
5746,47
5747,31
5748,39
5749,42
5750,8
5751,72
5752,51
5753,71
5754,8
5755,15
5756,49
5757,49
5758,61
5759,39
5760,22
5761,22
5762,20
5763,45
5764,29
5765,49
5766,20
5767,71
5768,54
5769,12
5770,28
5771,40
5772,32
5773,24
5774,60
5775,11
5776,70
5777,20
5778,71
5779,6
5780,68
5781,6
5782,56
5783,26
5784,68
5785,54
5786,31
5787,73
5788,10
5789,21
5790,4
5791,31
5792,16
5793,6
5794,23
5795,20
5796,42
5797,40
5798,12
5799,73
5800,50
5801,30
5802,10
5803,51
5804,1
5805,45
5806,25
5807,29
5808,67
5809,3
5810,2
5811,51
5812,39
5813,60
5814,29
5815,31
5816,61
5817,29
5818,41
5819,1
5820,73
5821,54
5822,30
5823,4
5824,8
5825,71
5826,46
5827,46
5828,54
5829,52
5830,53
5831,39
5832,52
5833,46
5834,40
5835,25
5836,40
5837,4
5838,56
5839,20
5840,13
5841,31
5842,54
5843,13
5844,73
5845,38
5846,4
5847,73
5848,12
5849,54
5850,41
5851,55
5852,23
5853,48
5854,46
5855,12
5856,43
5857,64
5858,30
5859,52
5860,62
5861,64
5862,30
5863,16
5864,20
5865,7
5866,8
5867,24
5868,1
5869,38
5870,30
5871,13
5872,42
5873,41
5874,42
5875,4
5876,71
5877,12
5878,30
5879,52
5880,70
5881,4
5882,36
5883,42
5884,34
5885,25
5886,62
5887,29
5888,25
5889,8
5890,31
5891,8
5892,59
5893,50
5894,30
5895,13
5896,42
5897,31
5898,72
5899,3
5900,46
5901,28
5902,57
5903,10
5904,24
5905,22
5906,56
5907,54
5908,20
5909,20
5910,42
5911,25
5912,64
5913,54
5914,23
5915,51
5916,29
5917,41
5918,40
5919,13
5920,7
5921,43
5922,29
5923,30
5924,10
5925,30
5926,16
5927,64
5928,11
5929,51
5930,10
5931,12
5932,28
5933,17
5934,1
5935,30
5936,37
5937,38
5938,28
5939,47
5940,49
5941,72
5942,51
5943,64
5944,62
5945,47
5946,11
5947,68
5948,51
5949,36
5950,23
5951,46
5952,47
5953,8
5954,48
5955,25
5956,3
5957,51
5958,31
5959,46
5960,54
5961,4
5962,0
5963,4
5964,64
5965,29
5966,31
5967,53
5968,64
5969,20
5970,1
5971,71
5972,40
5973,39
5974,0
5975,61
5976,67
5977,7
5978,56
5979,39
5980,7
5981,30
5982,4
5983,56
5984,45
5985,32
5986,23
5987,31
5988,24
5989,53
5990,3
5991,13
5992,46
5993,33
5994,68
5995,36
5996,49
5997,62
5998,49
5999,25
6000,4
6001,22
6002,25
6003,71
6004,52
6005,51
6006,38
6007,24
6008,72
6009,8
6010,25
6011,13
6012,54
6013,7
6014,54
6015,73
6016,47
6017,46
6018,31
6019,65
6020,51
6021,23
6022,54
6023,71
6024,52
6025,52
6026,31
6027,26
6028,40
6029,10
6030,8
6031,21
6032,70
6033,52
6034,49
6035,25
6036,52
6037,1
6038,61
6039,60
6040,31
6041,54
6042,30
6043,4
6044,6
6045,12
6046,54
6047,72
6048,61
6049,3
6050,52
6051,41
6052,4
6053,56
6054,6
6055,10
6056,25
6057,12
6058,71
6059,31
6060,8
6061,28
6062,19
6063,4
6064,20
6065,29
6066,61
6067,30
6068,73
6069,30
6070,12
6071,16
6072,41
6073,2
6074,16
6075,8
6076,51
6077,20
6078,56
6079,73
6080,56
6081,51
6082,61
6083,51
6084,39
6085,13
6086,49
6087,8
6088,60
6089,16
6090,23
6091,34
6092,71
6093,26
6094,12
6095,34
6096,29
6097,64
6098,13
6099,7
6100,52
6101,0
6102,38
6103,73
6104,71
6105,46
6106,30
6107,12
6108,73
6109,23
6110,73
6111,64
6112,41
6113,55
6114,4
6115,67
6116,4
6117,12
6118,30
6119,4
6120,46
6121,54
6122,73
6123,45
6124,1
6125,68
6126,57
6127,54
6128,41
6129,22
6130,23
6131,70
6132,6
6133,40
6134,11
6135,72
6136,28
6137,40
6138,30
6139,12
6140,28
6141,17
6142,12
6143,20
6144,1
6145,70
6146,22
6147,49
6148,12
6149,39
6150,64
6151,11
6152,46
6153,6
6154,8
6155,53
6156,71
6157,52
6158,23
6159,71
6160,8
6161,52
6162,38
6163,52
6164,0
6165,46
6166,8
6167,61
6168,71
6169,1
6170,10
6171,15
6172,56
6173,1
6174,12
6175,16
6176,62
6177,42
6178,20
6179,31
6180,26
6181,28
6182,53
6183,56
6184,42
6185,7
6186,34
6187,31
6188,30
6189,15
6190,42
6191,33
6192,51
6193,26
6194,51
6195,24
6196,24
6197,64
6198,73
6199,31
6200,22
6201,2
6202,68
6203,33
6204,12
6205,34
6206,61
6207,22
6208,25
6209,12
6210,13
6211,39
6212,51
6213,6
6214,54
6215,29
6216,13
6217,71
6218,6
6219,29
6220,40
6221,12
6222,47
6223,51
6224,7
6225,70
6226,54
6227,47
6228,7
6229,54
6230,28
6231,45
6232,51
6233,60
6234,46
6235,4
6236,57
6237,72
6238,29
6239,45
6240,1
6241,61
6242,31
6243,24
6244,12
6245,57
6246,25
6247,49
6248,4
6249,51
6250,1
6251,28
6252,71
6253,67
6254,3
6255,59
6256,63
6257,5
6258,46
6259,1
6260,28
6261,8
6262,30
6263,0
6264,17
6265,28
6266,34
6267,24
6268,16
6269,50
6270,29
6271,49
6272,46
6273,23
6274,48
6275,13
6276,60
6277,24
6278,4
6279,20
6280,12
6281,37
6282,0
6283,34
6284,8
6285,30
6286,13
6287,1
6288,55
6289,3
6290,54
6291,49
6292,30
6293,29
6294,71
6295,41
6296,26
6297,39
6298,17
6299,47
6300,1
6301,46
6302,10
6303,23
6304,12
6305,49
6306,25
6307,6
6308,71
6309,24
6310,12
6311,6
6312,54
6313,23
6314,19
6315,54
6316,52
6317,41
6318,34
6319,22
6320,46
6321,73
6322,47
6323,56
6324,52
6325,51
6326,12
6327,40
6328,24
6329,54
6330,25
6331,20
6332,23
6333,52
6334,38
6335,31
6336,15
6337,20
6338,56
6339,46
6340,49
6341,7
6342,0
6343,10
6344,13
6345,71
6346,41
6347,68
6348,58
6349,33
6350,61
6351,28
6352,24
6353,25
6354,24
6355,57
6356,24
6357,51
6358,47
6359,13
6360,32
6361,4
6362,25
6363,31
6364,71
6365,48
6366,53
6367,12
6368,31
6369,11
6370,45
6371,20
6372,11
6373,71
6374,61
6375,8
6376,8
6377,41
6378,12
6379,36
6380,52
6381,40
6382,42
6383,30
6384,0
6385,61
6386,13
6387,50
6388,52
6389,71
6390,12
6391,73
6392,46
6393,30
6394,71
6395,60
6396,46
6397,52
6398,52
6399,73
6400,28
6401,33
6402,42
6403,46
6404,6
6405,7
6406,64
6407,12
6408,12
6409,23
6410,4
6411,47
6412,47
6413,0
6414,73
6415,30
6416,49
6417,48
6418,4
6419,42
6420,23
6421,21
6422,64
6423,71
6424,13
6425,56
6426,4
6427,42
6428,0
6429,45
6430,23
6431,15
6432,51
6433,51
6434,65
6435,57
6436,7
6437,4
6438,59
6439,46
6440,4
6441,72
6442,42
6443,17
6444,56
6445,17
6446,23
6447,38
6448,38
6449,42
6450,29
6451,28
6452,42
6453,20
6454,72
6455,20
6456,41
6457,38
6458,0
6459,23
6460,33
6461,34
6462,13
6463,25
6464,34
6465,30
6466,54
6467,64
6468,6
6469,70
6470,12
6471,42
6472,41
6473,46
6474,12
6475,23
6476,71
6477,46
6478,31
6479,31
6480,54
6481,21
6482,25
6483,30
6484,12
6485,36
6486,12
6487,56
6488,39
6489,38
6490,7
6491,4
6492,53
6493,8
6494,47
6495,31
6496,61
6497,1
6498,42
6499,29
6500,53
6501,55
6502,61
6503,7
6504,64
6505,56
6506,50
6507,3
6508,64
6509,51
6510,15
6511,73
6512,29
6513,39
6514,34
6515,12
6516,54
6517,8
6518,42
6519,21
6520,65
6521,30
6522,28
6523,29
6524,23
6525,33
6526,57
6527,39
6528,10
6529,3
6530,8
6531,56
6532,54
6533,4
6534,73
6535,46
6536,41
6537,22
6538,16
6539,36
6540,16
6541,28
6542,4
6543,54
6544,46
6545,30
6546,20
6547,6
6548,10
6549,30
6550,39
6551,31
6552,8
6553,4
6554,12
6555,47
6556,64
6557,4
6558,16
6559,12
6560,57
6561,20
6562,15
6563,51
6564,29
6565,54
6566,41
6567,7
6568,67
6569,17
6570,41
6571,20
6572,65
6573,0
6574,21
6575,71
6576,25
6577,34
6578,52
6579,36
6580,73
6581,25
6582,17
6583,64
6584,54
6585,3
6586,1
6587,23
6588,49
6589,71
6590,41
6591,8
6592,51
6593,31
6594,4
6595,33
6596,10
6597,53
6598,13
6599,40
6600,51
6601,20
6602,52
6603,41
6604,54
6605,61
6606,29
6607,23
6608,49
6609,71
6610,0
6611,8
6612,31
6613,73
6614,38
6615,0
6616,46
6617,55
6618,24
6619,47
6620,8
6621,12
6622,46
6623,54
6624,30
6625,71
6626,24
6627,8
6628,20
6629,4
6630,30
6631,8
6632,23
6633,30
6634,62
6635,52
6636,54
6637,24
6638,54
6639,59
6640,67
6641,20
6642,31
6643,30
6644,61
6645,62
6646,56
6647,29
6648,20
6649,51
6650,33
6651,61
6652,71
6653,54
6654,45
6655,42
6656,52
6657,28
6658,23
6659,70
6660,46
6661,8
6662,38
6663,22
6664,34
6665,7
6666,54
6667,12
6668,30
6669,40
6670,31
6671,4
6672,18
6673,23
6674,29
6675,60
6676,40
6677,49
6678,26
6679,52
6680,53
6681,22
6682,31
6683,70
6684,39
6685,46
6686,42
6687,20
6688,38
6689,73
6690,46
6691,51
6692,72
6693,54
6694,50
6695,46
6696,56
6697,51
6698,38
6699,40
6700,51
6701,70
6702,24
6703,40
6704,42
6705,46
6706,72
6707,33
6708,7
6709,71
6710,20
6711,28
6712,30
6713,31
6714,30
6715,61
6716,20
6717,46
6718,41
6719,71
6720,24
6721,56
6722,71
6723,17
6724,34
6725,29
6726,31
6727,30
6728,0
6729,73
6730,30
6731,49
6732,41
6733,1
6734,3
6735,12
6736,46
6737,36
6738,46
6739,40
6740,4
6741,6
6742,42
6743,71
6744,29
6745,41
6746,36
6747,60
6748,1
6749,38
6750,64
6751,45
6752,34
6753,4
6754,10
6755,25
6756,72
6757,69
6758,59
6759,47
6760,39
6761,12
6762,71
6763,42
6764,68
6765,41
6766,51
6767,4
6768,46
6769,54
6770,45
6771,23
6772,38
6773,56
6774,60
6775,4
6776,6
6777,49
6778,4
6779,24
6780,42
6781,1
6782,6
6783,28
6784,54
6785,40
6786,40
6787,20
6788,70
6789,11
6790,51
6791,61
6792,38
6793,47
6794,46
6795,38
6796,60
6797,50
6798,28
6799,46
6800,49
6801,0
6802,40
6803,38
6804,45
6805,1
6806,28
6807,30
6808,70
6809,45
6810,11
6811,46
6812,16
6813,25
6814,33
6815,23
6816,51
6817,54
6818,31
6819,26
6820,2
6821,31
6822,20
6823,52
6824,24
6825,30
6826,31
6827,50
6828,25
6829,1
6830,51
6831,22
6832,49
6833,5
6834,11
6835,51
6836,10
6837,38
6838,46
6839,46
6840,0
6841,47
6842,42
6843,25
6844,8
6845,51
6846,4
6847,71
6848,71
6849,47
6850,56
6851,4
6852,10
6853,61
6854,52
6855,25
6856,61
6857,55
6858,30
6859,12
6860,31
6861,64
6862,41
6863,1
6864,42
6865,15
6866,47
6867,61
6868,63
6869,30
6870,56
6871,68
6872,41
6873,2
6874,34
6875,13
6876,71
6877,8
6878,31
6879,25
6880,6
6881,6
6882,46
6883,5
6884,72
6885,71
6886,46
6887,31
6888,24
6889,30
6890,42
6891,24
6892,41
6893,13
6894,28
6895,62
6896,31
6897,42
6898,23
6899,50
6900,10
6901,8
6902,28
6903,42
6904,3
6905,73
6906,3
6907,10
6908,12
6909,64
6910,73
6911,10
6912,23
6913,28
6914,49
6915,23
6916,7
6917,30
6918,64
6919,20
6920,51
6921,4
6922,54
6923,20
6924,46
6925,13
6926,54
6927,13
6928,16
6929,13
6930,20
6931,39
6932,38
6933,72
6934,71
6935,45
6936,62
6937,56
6938,20
6939,49
6940,3
6941,53
6942,54
6943,42
6944,28
6945,46
6946,52
6947,6
6948,21
6949,22
6950,19
6951,31
6952,33
6953,11
6954,7
6955,71
6956,1
6957,61
6958,38
6959,62
6960,6
6961,28
6962,52
6963,29
6964,22
6965,20
6966,61
6967,49
6968,4
6969,41
6970,53
6971,28
6972,61
6973,54
6974,45
6975,26
6976,30
6977,25
6978,60
6979,7
6980,64
6981,23
6982,20
6983,51
6984,24
6985,30
6986,71
6987,71
6988,13
6989,54
6990,6
6991,49
6992,34
6993,54
6994,52
6995,8
6996,38
6997,73
6998,42
6999,31
7000,39
7001,51
7002,11
7003,12
7004,51
7005,71
7006,10
7007,62
7008,49
7009,23
7010,49
7011,3
7012,12
7013,53
7014,54
7015,7
7016,12
7017,54
7018,43
7019,52
7020,12
7021,47
7022,4
7023,61
7024,8
7025,8
7026,29
7027,16
7028,15
7029,47
7030,60
7031,56
7032,8
7033,38
7034,33
7035,16
7036,33
7037,52
7038,20
7039,57
7040,30
7041,59
7042,29
7043,11
7044,30
7045,7
7046,28
7047,33
7048,4
7049,38
7050,72
7051,7
7052,31
7053,46
7054,54
7055,38
7056,13
7057,32
7058,68
7059,1
7060,28
7061,20
7062,57
7063,42
7064,38
7065,47
7066,68
7067,59
7068,16
7069,25
7070,73
7071,12
7072,1
7073,47
7074,71
7075,52
7076,19
7077,52
7078,0
7079,41
7080,4
7081,12
7082,40
7083,54
7084,62
7085,71
7086,48
7087,7
7088,48
7089,51
7090,32
7091,4
7092,56
7093,25
7094,37
7095,39
7096,34
7097,42
7098,64
7099,65
7100,59
7101,10
7102,24
7103,0
7104,28
7105,25
7106,52
7107,30
7108,53
7109,12
7110,57
7111,51
7112,22
7113,56
7114,1
7115,54
7116,12
7117,41
7118,38
7119,29
7120,36
7121,64
7122,40
7123,13
7124,1
7125,22
7126,51
7127,48
7128,73
7129,10
7130,22
7131,73
7132,70
7133,31
7134,56
7135,13
7136,45
7137,4
7138,73
7139,64
7140,50
7141,8
7142,0
7143,72
7144,68
7145,71
7146,73
7147,49
7148,51
7149,12
7150,30
7151,10
7152,6
7153,41
7154,43
7155,13
7156,51
7157,71
7158,33
7159,54
7160,51
7161,64
7162,8
7163,13
7164,12
7165,10
7166,55
7167,71
7168,30
7169,61
7170,35
7171,12
7172,34
7173,42
7174,56
7175,31
7176,46
7177,4
7178,61
7179,28
7180,12
7181,68
7182,45
7183,22
7184,20
7185,38
7186,41
7187,61
7188,42
7189,42
7190,71
7191,34
7192,20
7193,41
7194,51
7195,42
7196,31
7197,22
7198,30
7199,12
7200,56
7201,56
7202,73
7203,11
7204,12
7205,46
7206,7
7207,6
7208,51
7209,46
7210,39
7211,23
7212,29
7213,26
7214,71
7215,41
7216,41
7217,12
7218,53
7219,12
7220,30
7221,38
7222,31
7223,28
7224,54
7225,1
7226,8
7227,8
7228,51
7229,26
7230,66
7231,56
7232,49
7233,13
7234,22
7235,49
7236,10
7237,23
7238,30
7239,28
7240,15
7241,0
7242,4
7243,29
7244,4
7245,73
7246,34
7247,30
7248,53
7249,26
7250,3
7251,71
7252,41
7253,26
7254,13
7255,13
7256,56
7257,46
7258,22
7259,8
7260,3
7261,40
7262,22
7263,42
7264,51
7265,45
7266,60
7267,31
7268,31
7269,17
7270,56
7271,28
7272,19
7273,20
7274,61
7275,43
7276,51
7277,13
7278,71
7279,54
7280,61
7281,49
7282,61
7283,61
7284,53
7285,60
7286,52
7287,31
7288,30
7289,28
7290,1
7291,62
7292,12
7293,4
7294,12
7295,29
7296,2
7297,13
7298,56
7299,34
7300,4
7301,51
7302,71
7303,46
7304,64
7305,23
7306,11
7307,30
7308,51
7309,10
7310,29
7311,71
7312,42
7313,3
7314,45
7315,70
7316,34
7317,73
7318,54
7319,8
7320,20
7321,6
7322,62
7323,70
7324,21
7325,3
7326,54
7327,45
7328,12
7329,64
7330,67
7331,19
7332,71
7333,28
7334,54
7335,32
7336,13
7337,1
7338,20
7339,42
7340,30
7341,12
7342,29
7343,29
7344,71
7345,53
7346,45
7347,13
7348,29
7349,13
7350,54
7351,25
7352,46
7353,52
7354,11
7355,53
7356,17
7357,15
7358,61
7359,7
7360,28
7361,53
7362,29
7363,8
7364,16
7365,39
7366,8
7367,17
7368,35
7369,8
7370,20
7371,21
7372,71
7373,51
7374,73
7375,51
7376,6
7377,49
7378,37
7379,20
7380,3
7381,61
7382,52
7383,23
7384,31
7385,46
7386,54
7387,23
7388,35
7389,16
7390,53
7391,7
7392,53
7393,30
7394,38
7395,10
7396,20
7397,12
7398,4
7399,0
7400,38
7401,1
7402,7
7403,12
7404,61
7405,40
7406,2
7407,51
7408,39
7409,1
7410,20
7411,29
7412,49
7413,35
7414,38
7415,8
7416,16
7417,17
7418,8
7419,61
7420,12
7421,0
7422,54
7423,40
7424,31
7425,29
7426,47
7427,12
7428,42
7429,26
7430,34
7431,71
7432,73
7433,71
7434,30
7435,68
7436,32
7437,60
7438,25
7439,6
7440,25
7441,54
7442,73
7443,10
7444,30
7445,46
7446,7
7447,55
7448,28
7449,31
7450,25
7451,52
7452,1
7453,31
7454,23
7455,4
7456,41
7457,30
7458,28
7459,12
7460,38
7461,7
7462,7
7463,70
7464,10
7465,52
7466,28
7467,41
7468,61
7469,12
7470,8
7471,34
7472,30
7473,7
7474,52
7475,60
7476,31
7477,69
7478,30
7479,28
7480,42
7481,28
7482,21
7483,46
7484,10
7485,57
7486,57
7487,10
7488,42
7489,28
7490,10
7491,10
7492,71
7493,8
7494,0
7495,52
7496,26
7497,55
7498,30
7499,54
7500,20
7501,41
7502,28
7503,4
7504,42
7505,19
7506,49
7507,12
7508,21
7509,25
7510,8
7511,33
7512,24
7513,71
7514,30
7515,29
7516,71
7517,42
7518,68
7519,61
7520,46
7521,54
7522,67
7523,20
7524,3
7525,51
7526,37
7527,28
7528,61
7529,29
7530,41
7531,1
7532,1
7533,72
7534,33
7535,23
7536,23
7537,1
7538,1
7539,8
7540,41
7541,61
7542,31
7543,24
7544,41
7545,3
7546,25
7547,13
7548,24
7549,20
7550,72
7551,20
7552,13
7553,71
7554,6
7555,54
7556,70
7557,33
7558,38
7559,69
7560,23
7561,71
7562,54
7563,29
7564,38
7565,6
7566,42
7567,1
7568,12
7569,61
7570,28
7571,4
7572,61
7573,10
7574,47
7575,71
7576,40
7577,20
7578,8
7579,11
7580,13
7581,30
7582,46
7583,46
7584,6
7585,49
7586,56
7587,70
7588,70
7589,55
7590,46
7591,71
7592,12
7593,38
7594,20
7595,30
7596,20
7597,56
7598,1
7599,73
7600,40
7601,12
7602,41
7603,31
7604,47
7605,8
7606,38
7607,7
7608,31
7609,20
7610,42
7611,55
7612,34
7613,20
7614,4
7615,67
7616,25
7617,29
7618,10
7619,42
7620,20
7621,56
7622,41
7623,24
7624,3
7625,53
7626,1
7627,12
7628,39
7629,22
7630,46
7631,31
7632,6
7633,47
7634,34
7635,4
7636,16
7637,20
7638,45
7639,71
7640,16
7641,20
7642,38
7643,13
7644,37
7645,54
7646,64
7647,23
7648,59
7649,25
7650,0
7651,6
7652,1
7653,34
7654,13
7655,26
7656,12
7657,45
7658,48
7659,46
7660,4
7661,52
7662,23
7663,6
7664,3
7665,29
7666,41
7667,68
7668,17
7669,59
7670,42
7671,73
7672,49
7673,52
7674,1
7675,40
7676,28
7677,72
7678,23
7679,38
7680,61
7681,39
7682,68
7683,0
7684,64
7685,10
7686,57
7687,13
7688,1
7689,42
7690,29
7691,56
7692,61
7693,28
7694,34
7695,40
7696,72
7697,60
7698,3
7699,3
7700,12
7701,17
7702,1
7703,35
7704,3
7705,40
7706,29
7707,40
7708,41
7709,10
7710,20
7711,8
7712,41
7713,31
7714,67
7715,24
7716,49
7717,7
7718,55
7719,51
7720,30
7721,54
7722,73
7723,4
7724,30
7725,4
7726,28
7727,29
7728,10
7729,17
7730,51
7731,47
7732,34
7733,57
7734,29
7735,1
7736,54
7737,24
7738,8
7739,54
7740,33
7741,8
7742,70
7743,12
7744,62
7745,42
7746,54
7747,39
7748,1
7749,13
7750,31
7751,48
7752,8
7753,7
7754,56
7755,41
7756,16
7757,39
7758,24
7759,4
7760,64
7761,31
7762,20
7763,42
7764,46
7765,38
7766,49
7767,1
7768,52
7769,30
7770,68
7771,54
7772,36
7773,33
7774,28
7775,51
7776,70
7777,12
7778,1
7779,20
7780,36
7781,25
7782,42
7783,21
7784,53
7785,51
7786,52
7787,47
7788,37
7789,1
7790,53
7791,31
7792,8
7793,12
7794,12
7795,26
7796,70
7797,46
7798,72
7799,31
7800,55
7801,7
7802,25
7803,4
7804,4
7805,31
7806,38
7807,28
7808,73
7809,57
7810,71
7811,24
7812,39
7813,42
7814,30
7815,73
7816,40
7817,51
7818,71
7819,28
7820,30
7821,21
7822,21
7823,69
7824,25
7825,3
7826,13
7827,38
7828,1
7829,36
7830,40
7831,51
7832,72
7833,0
7834,4
7835,1
7836,49
7837,57
7838,4
7839,23
7840,15
7841,73
7842,0
7843,38
7844,63
7845,30
7846,73
7847,4
7848,34
7849,25
7850,71
7851,40
7852,12
7853,4
7854,30
7855,49
7856,48
7857,34
7858,4
7859,73
7860,55
7861,73
7862,51
7863,71
7864,50
7865,24
7866,61
7867,47
7868,61
7869,46
7870,46
7871,68
7872,41
7873,30
7874,13
7875,39
7876,47
7877,71
7878,4
7879,28
7880,45
7881,40
7882,60
7883,46
7884,61
7885,51
7886,39
7887,41
7888,30
7889,32
7890,42
7891,25
7892,7
7893,24
7894,52
7895,12
7896,51
7897,71
7898,61
7899,21
7900,33
7901,53
7902,0
7903,13
7904,6
7905,20
7906,68
7907,57
7908,25
7909,17
7910,24
7911,51
7912,24
7913,50
7914,54
7915,46
7916,72
7917,52
7918,28
7919,32
7920,12
7921,25
7922,56
7923,6
7924,28
7925,1
7926,52
7927,61
7928,22
7929,10
7930,12
7931,28
7932,68
7933,30
7934,52
7935,29
7936,23
7937,45
7938,40
7939,64
7940,73
7941,13
7942,51
7943,29
7944,30
7945,13
7946,73
7947,20
7948,16
7949,39
7950,35
7951,72
7952,8
7953,72
7954,73
7955,9
7956,8
7957,30
7958,34
7959,46
7960,0
7961,1
7962,47
7963,7
7964,31
7965,24
7966,46
7967,51
7968,23
7969,54
7970,16
7971,49
7972,28
7973,8
7974,55
7975,34
7976,31
7977,39
7978,57
7979,38
7980,68
7981,24
7982,49
7983,54
7984,33
7985,8
7986,57
7987,30
7988,17
7989,20
7990,8
7991,39
7992,4
7993,6
7994,10
7995,16
7996,36
7997,24
7998,60
7999,16
8000,12
8001,17
8002,56
8003,53
8004,45
8005,12
8006,47
8007,4
8008,67
8009,52
8010,56
8011,7
8012,47
8013,32
8014,51
8015,15
8016,5
8017,59
8018,56
8019,30
8020,52
8021,51
8022,29
8023,28
8024,72
8025,68
8026,54
8027,52
8028,31
8029,28
8030,56
8031,17
8032,42
8033,61
8034,40
8035,8
8036,30
8037,11
8038,24
8039,52
8040,26
8041,12
8042,71
8043,12
8044,42
8045,50
8046,54
8047,30
8048,41
8049,45
8050,13
8051,54
8052,73
8053,52
8054,20
8055,63
8056,42
8057,51
8058,17
8059,28
8060,39
8061,31
8062,13
8063,56
8064,56
8065,7
8066,42
8067,3
8068,6
8069,42
8070,32
8071,42
8072,67
8073,24
8074,8
8075,52
8076,49
8077,16
8078,47
8079,3
8080,54
8081,61
8082,28
8083,8
8084,41
8085,31
8086,29
8087,22
8088,54
8089,6
8090,1
8091,20
8092,11
8093,8
8094,13
8095,65
8096,46
8097,20
8098,41
8099,28
8100,71
8101,11
8102,4
8103,30
8104,40
8105,67
8106,42
8107,31
8108,51
8109,1
8110,64
8111,53
8112,52
8113,8
8114,42
8115,34
8116,72
8117,52
8118,41
8119,39
8120,8
8121,8
8122,69
8123,70
8124,54
8125,32
8126,61
8127,25
8128,8
8129,4
8130,8
8131,8
8132,64
8133,12
8134,58
8135,0
8136,41
8137,31
8138,12
8139,54
8140,33
8141,61
8142,23
8143,51
8144,56
8145,12
8146,13
8147,71
8148,4
8149,70
8150,39
8151,45
8152,20
8153,36
8154,28
8155,13
8156,71
8157,56
8158,52
8159,28
8160,28
8161,64
8162,68
8163,39
8164,29
8165,28
8166,15
8167,28
8168,22
8169,47
8170,10
8171,12
8172,13
8173,12
8174,34
8175,31
8176,0
8177,33
8178,45
8179,31
8180,25
8181,12
8182,23
8183,49
8184,12
8185,1
8186,67
8187,54
8188,31
8189,31
8190,51
8191,23
8192,12
8193,7
8194,56
8195,61
8196,30
8197,30
8198,30
8199,23
8200,70
8201,20
8202,40
8203,30
8204,22
8205,40
8206,51
8207,34
8208,39
8209,48
8210,47
8211,4
8212,28
8213,38
8214,68
8215,8
8216,24
8217,62
8218,7
8219,13
8220,68
8221,31
8222,71
8223,63
8224,47
8225,6
8226,71
8227,46
8228,64
8229,39
8230,51
8231,13
8232,25
8233,8
8234,41
8235,13
8236,40
8237,24
8238,42
8239,23
8240,24
8241,42
8242,47
8243,54
8244,22
8245,26
8246,1
8247,52
8248,3
8249,54
8250,70
8251,70
8252,47
8253,40
8254,8
8255,51
8256,28
8257,33
8258,72
8259,47
8260,71
8261,39
8262,13
8263,42
8264,28
8265,0
8266,56
8267,41
8268,24
8269,42
8270,20
8271,34
8272,34
8273,3
8274,21
8275,52
8276,42
8277,25
8278,25
8279,31
8280,48
8281,23
8282,38
8283,52
8284,15
8285,17
8286,41
8287,30
8288,23
8289,7
8290,7
8291,46
8292,23
8293,55
8294,1
8295,41
8296,72
8297,49
8298,49
8299,51
8300,1
8301,8
8302,1
8303,4
8304,29
8305,29
8306,61
8307,67
8308,46
8309,13
8310,71
8311,20
8312,32
8313,71
8314,61
8315,26
8316,24
8317,45
8318,42
8319,4
8320,41
8321,42
8322,6
8323,10
8324,59
8325,7
8326,6
8327,46
8328,4
8329,39
8330,23
8331,23
8332,28
8333,29
8334,8
8335,20
8336,41
8337,73
8338,8
8339,59
8340,28
8341,71
8342,38
8343,22
8344,68
8345,24
8346,15
8347,6
8348,49
8349,13
8350,64
8351,39
8352,1
8353,67
8354,46
8355,48
8356,16
8357,68
8358,30
8359,16
8360,73
8361,31
8362,38
8363,7
8364,12
8365,59
8366,1
8367,8
8368,20
8369,30
8370,12
8371,10
8372,10
8373,6
8374,71
8375,52
8376,37
8377,45
8378,52
8379,10
8380,50
8381,17
8382,41
8383,31
8384,54
8385,25
8386,28
8387,56
8388,50
8389,3
8390,29
8391,8
8392,6
8393,49
8394,41
8395,37
8396,29
8397,38
8398,22
8399,30
8400,49
8401,27
8402,46
8403,41
8404,28
8405,42
8406,60
8407,67
8408,46
8409,32
8410,48
8411,8
8412,22
8413,73
8414,25
8415,20
8416,1
8417,54
8418,12
8419,47
8420,64
8421,20
8422,21
8423,0
8424,12
8425,20
8426,28
8427,52
8428,30
8429,42
8430,54
8431,6
8432,45
8433,25
8434,40
8435,46
8436,46
8437,61
8438,1
8439,22
8440,73
8441,41
8442,73
8443,38
8444,3
8445,67
8446,71
8447,65
8448,51
8449,12
8450,39
8451,38
8452,67
8453,54
8454,73
8455,16
8456,4
8457,24
8458,20
8459,72
8460,68
8461,7
8462,10
8463,41
8464,43
8465,13
8466,12
8467,26
8468,1
8469,29
8470,73
8471,52
8472,56
8473,40
8474,73
8475,71
8476,57
8477,23
8478,22
8479,30
8480,42
8481,31
8482,45
8483,55
8484,28
8485,68
8486,52
8487,45
8488,36
8489,30
8490,45
8491,54
8492,1
8493,56
8494,23
8495,73
8496,72
8497,38
8498,38
8499,17
8500,6
8501,51
8502,22
8503,60
8504,7
8505,32
8506,25
8507,49
8508,24
8509,54
8510,12
8511,12
8512,33
8513,47
8514,64
8515,24
8516,61
8517,40
8518,36
8519,41
8520,10
8521,73
8522,12
8523,49
8524,54
8525,26
8526,39
8527,31
8528,61
8529,8
8530,56
8531,49
8532,22
8533,71
8534,25
8535,17
8536,45
8537,68
8538,31
8539,56
8540,23
8541,71
8542,23
8543,46
8544,46
8545,6
8546,50
8547,61
8548,31
8549,54
8550,60
8551,13
8552,38
8553,64
8554,56
8555,34
8556,20
8557,49
8558,68
8559,13
8560,13
8561,1
8562,71
8563,8
8564,64
8565,10
8566,20
8567,8
8568,28
8569,47
8570,15
8571,13
8572,36
8573,20
8574,46
8575,54
8576,12
8577,7
8578,34
8579,34
8580,4
8581,13
8582,45
8583,54
8584,28
8585,1
8586,54
8587,56
8588,41
8589,33
8590,46
8591,39
8592,39
8593,61
8594,64
8595,60
8596,54
8597,54
8598,61
8599,13
8600,71
8601,1
8602,45
8603,25
8604,17
8605,31
8606,54
8607,37
8608,0
8609,38
8610,31
8611,50
8612,49
8613,15
8614,68
8615,3
8616,46
8617,30
8618,49
8619,41
8620,20
8621,20
8622,10
8623,62
8624,8
8625,28
8626,1
8627,64
8628,25
8629,8
8630,12
8631,52
8632,30
8633,38
8634,39
8635,25
8636,64
8637,23
8638,23
8639,46
8640,7
8641,7
8642,29
8643,52
8644,4
8645,52
8646,52
8647,12
8648,56
8649,51
8650,30
8651,41
8652,40
8653,22
8654,41
8655,4
8656,52
8657,62
8658,23
8659,38
8660,38
8661,54
8662,30
8663,71
8664,23
8665,55
8666,73
8667,54
8668,4
8669,20
8670,71
8671,29
8672,54
8673,4
8674,71
8675,54
8676,25
8677,8
8678,57
8679,73
8680,54
8681,7
8682,13
8683,34
8684,22
8685,3
8686,51
8687,53
8688,21
8689,50
8690,4
8691,40
8692,4
8693,32
8694,12
8695,49
8696,57
8697,41
8698,6
8699,49
8700,31
8701,36
8702,20
8703,69
8704,49
8705,46
8706,3
8707,47
8708,12
8709,11
8710,19
8711,43
8712,60
8713,46
8714,12
8715,4
8716,51
8717,30
8718,39
8719,33
8720,31
8721,46
8722,8
8723,49
8724,41
8725,0
8726,33
8727,73
8728,31
8729,23
8730,42
8731,12
8732,45
8733,45
8734,28
8735,29
8736,41
8737,71
8738,33
8739,47
8740,67
8741,26
8742,31
8743,12
8744,71
8745,17
8746,0
8747,71
8748,68
8749,6
8750,61
8751,33
8752,16
8753,25
8754,20
8755,20
8756,53
8757,7
8758,28
8759,40
8760,41
8761,23
8762,46
8763,49
8764,52
8765,24
8766,46
8767,71
8768,28
8769,73
8770,4
8771,23
8772,41
8773,49
8774,61
8775,51
8776,12
8777,24
8778,7
8779,10
8780,29
8781,4
8782,47
8783,55
8784,16
8785,64
8786,11
8787,11
8788,23
8789,12
8790,12
8791,10
8792,51
8793,1
8794,34
8795,4
8796,23
8797,7
8798,19
8799,15
8800,20
8801,60
8802,46
8803,6
8804,8
8805,13
8806,53
8807,68
8808,11
8809,56
8810,31
8811,56
8812,7
8813,54
8814,26
8815,31
8816,28
8817,33
8818,25
8819,30
8820,13
8821,28
8822,28
8823,7
8824,41
8825,11
8826,13
8827,31
8828,54
8829,17
8830,36
8831,28
8832,0
8833,72
8834,26
8835,8
8836,31
8837,47
8838,41
8839,1
8840,12
8841,12
8842,24
8843,41
8844,54
8845,33
8846,1
8847,63
8848,6
8849,72
8850,6
8851,69
8852,39
8853,47
8854,47
8855,23
8856,68
8857,47
8858,33
8859,49
8860,59
8861,29
8862,53
8863,1
8864,61
8865,13
8866,26
8867,10
8868,41
8869,42
8870,12
8871,71
8872,15
8873,49
8874,45
8875,12
8876,39
8877,41
8878,24
8879,51
8880,64
8881,64
8882,71
8883,10
8884,53
8885,47
8886,31
8887,16
8888,39
8889,15
8890,1
8891,68
8892,50
8893,23
8894,6
8895,46
8896,6
8897,12
8898,3
8899,31
8900,30
8901,54
8902,41
8903,56
8904,54
8905,61
8906,54
8907,10
8908,57
8909,15
8910,65
8911,57
8912,17
8913,12
8914,41
8915,51
8916,1
8917,38
8918,46
8919,52
8920,73
8921,64
8922,12
8923,12
8924,54
8925,12
8926,10
8927,73
8928,47
8929,52
8930,64
8931,71
8932,36
8933,50
8934,31
8935,71
8936,16
8937,42
8938,61
8939,29
8940,29
8941,38
8942,64
8943,48
8944,32
8945,23
8946,17
8947,24
8948,46
8949,54
8950,31
8951,6
8952,20
8953,40
8954,26
8955,16
8956,17
8957,12
8958,54
8959,56
8960,31
8961,30
8962,31
8963,60
8964,71
8965,4
8966,7
8967,51
8968,23
8969,28
8970,34
8971,24
8972,42
8973,13
8974,7
8975,71
8976,2
8977,30
8978,71
8979,52
8980,47
8981,12
8982,64
8983,25
8984,39
8985,4
8986,49
8987,8
8988,1
8989,29
8990,51
8991,13
8992,46
8993,29
8994,46
8995,59
8996,22
8997,71
8998,36
8999,39
9000,45
9001,7
9002,33
9003,54
9004,6
9005,4
9006,45
9007,73
9008,16
9009,46
9010,39
9011,41
9012,73
9013,73
9014,5
9015,6
9016,47
9017,72
9018,68
9019,61
9020,17
9021,45
9022,8
9023,32
9024,39
9025,54
9026,28
9027,0
9028,11
9029,15
9030,30
9031,34
9032,17
9033,13
9034,56
9035,31
9036,73
9037,62
9038,46
9039,67
9040,1
9041,52
9042,54
9043,12
9044,52
9045,0
9046,17
9047,31
9048,54
9049,20
9050,28
9051,28
9052,16
9053,3
9054,61
9055,68
9056,0
9057,31
9058,7
9059,73
9060,16
9061,38
9062,25
9063,61
9064,50
9065,12
9066,61
9067,24
9068,47
9069,69
9070,36
9071,46
9072,52
9073,64
9074,37
9075,69
9076,46
9077,54
9078,26
9079,46
9080,23
9081,13
9082,24
9083,49
9084,73
9085,38
9086,34
9087,13
9088,7
9089,56
9090,49
9091,52
9092,31
9093,8
9094,41
9095,51
9096,72
9097,29
9098,1
9099,73
9100,7
9101,12
9102,7
9103,28
9104,68
9105,54
9106,4
9107,1
9108,9
9109,4
9110,30
9111,30
9112,46
9113,71
9114,40
9115,31
9116,46
9117,23
9118,1
9119,30
9120,20
9121,20
9122,71
9123,71
9124,25
9125,28
9126,1
9127,56
9128,31
9129,16
9130,51
9131,38
9132,71
9133,30
9134,40
9135,41
9136,40
9137,40
9138,73
9139,6
9140,39
9141,41
9142,28
9143,31
9144,0
9145,10
9146,56
9147,34
9148,68
9149,24
9150,46
9151,49
9152,69
9153,61
9154,54
9155,29
9156,7
9157,23
9158,29
9159,52
9160,38
9161,10
9162,37
9163,1
9164,29
9165,64
9166,26
9167,72
9168,4
9169,6
9170,10
9171,31
9172,11
9173,31
9174,1
9175,7
9176,6
9177,3
9178,39
9179,4
9180,49
9181,45
9182,6
9183,13
9184,8
9185,50
9186,4
9187,23
9188,64
9189,4
9190,13
9191,24
9192,54
9193,8
9194,69
9195,70
9196,51
9197,12
9198,61
9199,52
9200,61
9201,9
9202,16
9203,70
9204,28
9205,46
9206,31
9207,4
9208,1
9209,20
9210,49
9211,38
9212,20
9213,47
9214,73
9215,67
9216,29
9217,29
9218,12
9219,10
9220,13
9221,0
9222,20
9223,71
9224,0
9225,4
9226,24
9227,54
9228,40
9229,20
9230,8
9231,26
9232,52
9233,2
9234,41
9235,41
9236,3
9237,71
9238,67
9239,1
9240,31
9241,12
9242,23
9243,12
9244,1
9245,47
9246,10
9247,68
9248,32
9249,23
9250,54
9251,52
9252,1
9253,11
9254,49
9255,63
9256,57
9257,73
9258,42
9259,45
9260,13
9261,4
9262,25
9263,17
9264,46
9265,6
9266,25
9267,46
9268,49
9269,72
9270,46
9271,0
9272,51
9273,8
9274,52
9275,51
9276,49
9277,52
9278,54
9279,34
9280,47
9281,52
9282,64
9283,14
9284,33
9285,4
9286,25
9287,61
9288,51
9289,71
9290,53
9291,13
9292,46
9293,49
9294,53
9295,4
9296,30
9297,48
9298,45
9299,15
9300,38
9301,51
9302,0
9303,30
9304,31
9305,0
9306,13
9307,26
9308,61
9309,72
9310,12
9311,56
9312,1
9313,4
9314,51
9315,4
9316,60
9317,12
9318,23
9319,54
9320,71
9321,46
9322,68
9323,13
9324,71
9325,29
9326,66
9327,0
9328,52
9329,51
9330,73
9331,59
9332,1
9333,12
9334,42
9335,46
9336,3
9337,39
9338,4
9339,64
9340,10
9341,3
9342,51
9343,51
9344,13
9345,17
9346,68
9347,19
9348,20
9349,47
9350,20
9351,4
9352,59
9353,49
9354,52
9355,52
9356,28
9357,29
9358,49
9359,64
9360,73
9361,31
9362,7
9363,35
9364,59
9365,64
9366,34
9367,38
9368,1
9369,48
9370,20
9371,16
9372,71
9373,3
9374,13
9375,20
9376,28
9377,73
9378,64
9379,1
9380,30
9381,25
9382,15
9383,70
9384,53
9385,53
9386,7
9387,28
9388,52
9389,16
9390,52
9391,8
9392,70
9393,30
9394,46
9395,4
9396,39
9397,46
9398,6
9399,4
9400,1
9401,31
9402,64
9403,42
9404,23
9405,12
9406,42
9407,51
9408,12
9409,49
9410,54
9411,25
9412,70
9413,70
9414,25
9415,20
9416,46
9417,42
9418,1
9419,23
9420,71
9421,28
9422,52
9423,46
9424,3
9425,39
9426,41
9427,47
9428,10
9429,64
9430,40
9431,34
9432,29
9433,30
9434,56
9435,34
9436,10
9437,41
9438,34
9439,58
9440,54
9441,54
9442,53
9443,45
9444,69
9445,52
9446,49
9447,53
9448,73
9449,10
9450,41
9451,28
9452,49
9453,55
9454,40
9455,64
9456,34
9457,16
9458,46
9459,16
9460,1
9461,52
9462,8
9463,22
9464,46
9465,30
9466,29
9467,20
9468,11
9469,26
9470,43
9471,31
9472,0
9473,8
9474,54
9475,23
9476,53
9477,0
9478,71
9479,1
9480,20
9481,64
9482,22
9483,0
9484,13
9485,45
9486,25
9487,34
9488,8
9489,55
9490,22
9491,72
9492,49
9493,18
9494,12
9495,8
9496,0
9497,16
9498,51
9499,22
9500,13
9501,41
9502,46
9503,30
9504,29
9505,73
9506,0
9507,30
9508,73
9509,25
9510,20
9511,17
9512,48
9513,13
9514,11
9515,42
9516,56
9517,41
9518,45
9519,24
9520,42
9521,59
9522,20
9523,40
9524,54
9525,54
9526,73
9527,22
9528,51
9529,16
9530,61
9531,7
9532,41
9533,25
9534,0
9535,24
9536,42
9537,71
9538,20
9539,54
9540,47
9541,17
9542,60
9543,62
9544,30
9545,12
9546,54
9547,69
9548,4
9549,31
9550,71
9551,73
9552,19
9553,51
9554,22
9555,4
9556,25
9557,62
9558,21
9559,23
9560,49
9561,14
9562,56
9563,6
9564,45
9565,71
9566,4
9567,15
9568,4
9569,0
9570,34
9571,64
9572,19
9573,46
9574,73
9575,49
9576,15
9577,20
9578,28
9579,25
9580,72
9581,64
9582,4
9583,46
9584,53
9585,12
9586,71
9587,13
9588,71
9589,61
9590,71
9591,47
9592,45
9593,16
9594,43
9595,50
9596,6
9597,31
9598,20
9599,41
9600,56
9601,47
9602,52
9603,29
9604,1
9605,42
9606,20
9607,34
9608,25
9609,7
9610,51
9611,24
9612,13
9613,2
9614,61
9615,11
9616,8
9617,5
9618,68
9619,6
9620,41
9621,34
9622,52
9623,31
9624,6
9625,23
9626,8
9627,28
9628,49
9629,16
9630,13
9631,29
9632,70
9633,11
9634,4
9635,4
9636,48
9637,57
9638,46
9639,41
9640,71
9641,66
9642,42
9643,26
9644,35
9645,51
9646,32
9647,20
9648,68
9649,29
9650,8
9651,31
9652,73
9653,64
9654,71
9655,53
9656,30
9657,17
9658,1
9659,42
9660,41
9661,57
9662,51
9663,12
9664,8
9665,18
9666,71
9667,72
9668,26
9669,31
9670,70
9671,59
9672,69
9673,13
9674,45
9675,61
9676,11
9677,38
9678,15
9679,54
9680,61
9681,20
9682,70
9683,69
9684,10
9685,16
9686,51
9687,8
9688,7
9689,54
9690,38
9691,25
9692,73
9693,54
9694,8
9695,57
9696,54
9697,8
9698,64
9699,25
9700,11
9701,55
9702,37
9703,12
9704,62
9705,19
9706,1
9707,0
9708,0
9709,11
9710,47
9711,46
9712,72
9713,49
9714,8
9715,16
9716,32
9717,20
9718,41
9719,23
9720,60
9721,54
9722,23
9723,68
9724,61
9725,68
9726,64
9727,73
9728,42
9729,34
9730,49
9731,73
9732,29
9733,33
9734,30
9735,61
9736,51
9737,58
9738,8
9739,13
9740,25
9741,20
9742,25
9743,26
9744,30
9745,19
9746,72
9747,61
9748,29
9749,4
9750,41
9751,20
9752,13
9753,30
9754,46
9755,29
9756,30
9757,1
9758,64
9759,11
9760,46
9761,61
9762,59
9763,20
9764,58
9765,46
9766,73
9767,29
9768,42
9769,23
9770,0
9771,10
9772,1
9773,52
9774,1
9775,64
9776,51
9777,30
9778,51
9779,4
9780,29
9781,0
9782,7
9783,41
9784,12
9785,46
9786,10
9787,30
9788,54
9789,31
9790,71
9791,62
9792,13
9793,38
9794,2
9795,4
9796,17
9797,40
9798,39
9799,48
9800,56
9801,8
9802,28
9803,9
9804,25
9805,70
9806,41
9807,61
9808,25
9809,71
9810,21
9811,64
9812,28
9813,41
9814,12
9815,61
9816,64
9817,12
9818,22
9819,49
9820,42
9821,55
9822,31
9823,56
9824,48
9825,16
9826,29
9827,72
9828,4
9829,23
9830,71
9831,66
9832,52
9833,49
9834,3
9835,33
9836,54
9837,67
9838,40
9839,70
9840,38
9841,40
9842,49
9843,21
9844,15
9845,73
9846,51
9847,54
9848,71
9849,33
9850,61
9851,61
9852,64
9853,49
9854,56
9855,41
9856,10
9857,9
9858,24
9859,47
9860,54
9861,49
9862,31
9863,4
9864,25
9865,29
9866,54
9867,43
9868,56
9869,42
9870,0
9871,6
9872,68
9873,28
9874,71
9875,59
9876,8
9877,45
9878,46
9879,71
9880,71
9881,31
9882,71
9883,35
9884,49
9885,46
9886,51
9887,34
9888,0
9889,20
9890,42
9891,12
9892,38
9893,54
9894,54
9895,34
9896,20
9897,17
9898,13
9899,31
9900,30
9901,52
9902,52
9903,23
9904,30
9905,8
9906,4
9907,57
9908,40
9909,38
9910,48
9911,64
9912,4
9913,4
9914,71
9915,68
9916,0
9917,28
9918,67
9919,26
9920,52
9921,31
9922,19
9923,25
9924,0
9925,15
9926,8
9927,49
9928,54
9929,42
9930,51
9931,71
9932,73
9933,39
9934,42
9935,61
9936,30
9937,30
9938,52
9939,29
9940,71
9941,49
9942,41
9943,3
9944,73
9945,39
9946,12
9947,51
9948,54
9949,33
9950,26
9951,56
9952,39
9953,51
9954,30
9955,54
9956,31
9957,50
9958,64
9959,25
9960,52
9961,51
9962,10
9963,0
9964,23
9965,61
9966,29
9967,12
9968,8
9969,20
9970,29
9971,33
9972,71
9973,51
9974,46
9975,1
9976,20
9977,56
9978,45
9979,12
9980,4
9981,17
9982,49
9983,46
9984,40
9985,57
9986,11
9987,4
9988,33
9989,71
9990,61
9991,7
9992,73
9993,49
9994,51
9995,68
9996,51
9997,42
9998,7
9999,1
